word,syllables,actual_count,cmu_counts,category,phonetic
aboveboard,above-board,2,3,other,/…ôňąb ĆvňĆb…Ē…Ļd/
absenteeism,a-bsen-tee-ism,4,5,suffix_ism,/ňĆ√¶bs…ônňątiňź…™z…ôm/
academically,a-ca-dem-i-cal-ly,6,5,adverb_ically_ally,/ňĆ√¶k…ôňąd…õm…™kli/
accompaniment,ac-com-pa-ni-ment,5,4,other,/…ôňąk Ćmp…ôn…™m…ônt/
acoustically,a-cous-ti-cal-ly,5,4,adverb_ically_ally,/…ôňąkuňźst…™kli/
activism,ac-ti-vism,3,4,suffix_ism,/ňą√¶kt…™ňĆv…™z…ôm/
actuary,ac-tu-ary,3,4,other,/ňą√¶kt Éuňą…õňĆ…Ļiňź/
adrian,adri-an,2,3,vowel_sequence_suffix,/ňąe…™d…Ļi…ôn/
aerial,aeri-al,2,3,other,/ňą…õ…Ļi…ôl/
aesthetically,aes-thet-i-cal-ly,5,4,adverb_ically_ally,/…õsňąőł…õt…™kli/
aforesaid,afore-said,2,3,other,/…ôňąf…Ē…ĻňĆs…õd/
albeit,al-beit,2,3,other,/…Ēlňąbiňź…™t/
albuquerque,al-bu-querque,3,4,other,/ňą√¶lb…ôk…öki/
alcoholism,al-co-ho-lism,4,5,suffix_ism,/ňą√¶lk…ôňĆh…ĒňĆl…™z…ôm/
algorithm,al-go-rithm,3,4,other,/ňą√¶l…°…öňĆ…™√į…ôm/
algorithms,al-go-rithms,3,4,other,/ňą√¶l…°…öňĆ…™√į…ômz/
alphabetically,al-pha-bet-i-cal-ly,6,5,adverb_ically_ally,/ňĆ√¶lf…ôňąb…õt…™kli/
altruism,al-tru-ism,3,4,suffix_ism,/ňą√¶lt…ĻuňĆ…™z…ôm/
americanism,a-me-ri-ca-nism,5,6,suffix_ism,/…ôňąm…õ…Ļ…™k…ôňĆn…™z…ôm/
amphibian,am-phib-ian,3,4,vowel_sequence_suffix,/√¶mňąf…™bi…ôn/
amphitheater,amp-hit-hea-ter,4,5,other,/ňą√¶mf…ôőłiňąe…™t…ö/
anachronism,a-nac-hro-nism,4,5,suffix_ism,/…ôňąn√¶k…Ļ…ôňĆn…™z…ôm/
analogue,ana-logue,2,3,other,/ňą√¶n…ôňĆl…Ē…°/
annuity,an-nu-ity,3,4,suffix_ity_ety,/…źnjňąuňźt…™/
antagonism,an-tag-o-nism,4,5,suffix_ism,/√¶nňąt√¶…°…ôňĆn…™z…ôm/
antemeridian,an-te-merid-i-an,5,6,vowel_sequence_suffix,/ňĆ√¶nt…ôm…õňą…Ļ…™di…ôn/
anthropomorphism,an-thro-po-mor-phism,5,6,suffix_ism,/ňĆ√¶nőł…Ļ…ôp…ôňąm…Ē…Ļf…™z…ôm/
antibiotic,an-tibi-ot-ic,4,5,other,/ňĆ√¶nt…™ba…™ňą…ít…™k/
anxiety,anx-i-ety,3,4,suffix_ity_ety,/√¶Ňčňąza…™…ôti/
aphorism,ap-ho-rism,3,4,suffix_ism,/ňą√¶f…öňĆ…™z…ôm/
apotheosis,apoth-e-o-sis,4,5,other,/…ôňĆp…Ďőłiňąo äs…ôs/
appliances,ap-pli-ances,3,4,other,/…źplňąa…™…ôns…™z/
aqueous,aque-ous,2,3,vowel_sequence_suffix,/ňąe…™kwi…ôs/
arabian,ara-bi-an,3,4,vowel_sequence_suffix,/…ôňą…Ļe…™bi…ôn/
archeology,arche-ol-o-gy,4,5,other,/ňĆ…Ď…Ļkiňą…Ďl…ôd íi/
archetypal,ar-che-typ-al,4,3,other,/ňą…Ď…Ļkňąta…™p…ôl/
archived,archived,1,2,other,/ňą…Ď…ĻňĆka…™vd/
areas,ar-eas,2,3,other,/ňą…õ…Ļi…ôz/
argue,argue,1,2,other,/ňą…Ď…Ļ…°ju/
arthurian,art-hu-rian,3,4,vowel_sequence_suffix,/…Ď…Ļňąőł ä…Ļi…ôn/
artistically,ar-tis-ti-cal-ly,5,4,adverb_ically_ally,/…Ď…Ļňąt…™st…™kli/
ashamed,ashamed,1,2,other,/…ôňą Ée…™md/
assiduous,as-sid-u-ous,4,3,vowel_sequence_suffix,/…ôňąs…™dw…ôs/
assiduously,as-sid-u-ous-ly,5,4,other,/…ôňąs…™dw…ôsli/
astigmatism,as-ti-gma-tism,4,5,suffix_ism,/…ôňąst…™…°m…ôňĆt…™z…ôm/
atavism,a-ta-vism,3,4,suffix_ism,/ňą√¶t…ôv…™z…ôm/
atheism,athe-ism,2,3/4,suffix_ism,/ňąe…™őł…™ňĆ…™z…ôm/
atheist,athe-ist,2,3,other,/ňąe…™őłi…ôst/
athleticism,at-hle-ti-cism,4,5,suffix_ism,/√¶őłňąl…õt…™ňĆs…™z…ôm/
attributes,at-tributes,2,3,other,/ňąat…Ļ…™bjňĆuňźts/
aug,aug,1,2,other,/ňą…Ē…°…ôst/
automatically,au-to-mat-i-cal-ly,6,5,adverb_ically_ally,/ňĆ…íňźt…ôňąm√¶t…™kl…™/
aviator,avi-a-tor,3,4,other,/ňąe…™viňĆe…™t…ö/
awareness,aware-ness,2,3,other,/…ôňąw…õ…Ļn…ôs/
awhile,awhile,1,2,other,/…ôňąwa…™l/
axiom,ax-iom,2,3,other,/ňą√¶ksi…ôm/
babylonian,baby-lo-ni-an,4,5,vowel_sequence_suffix,/ňĆb√¶b…ôňąlo äni…ôn/
baroque,baroque,1,2,other,/b…öňąo äk/
basically,ba-si-cal-ly,4,3,adverb_ically_ally,/ňąbe…™s…™kli/
beautifully,beau-ti-ful-ly,4,3,other,/ňąbjuňźt…ôfli/
beloved,beloved,1,2/3,other,/b…™ňąl Ćvd/
biochemistry,bioc-he-mis-try,4,5,other,/ňĆba…™o äňąk…õm…ôst…Ļi/
biologically,bi-o-log-i-cal-ly,6,5,adverb_ically_ally,/ba…™…ôňąl…Ďd í…™kli/
biotechnology,bio-tec-hno-lo-gy,5,6,other,/ňĆba…™o äňĆt…õkňąn…Ďl…ôd íi/
blvd,blvd,1,3,other,/ňąb äl…ôňĆv…Ď…Ļd/
bmw,bmw,1,5,other,/ňąbiňźňĆ…õmňąd Ćb…ôlju/
bohemian,bo-hemi-an,3,4,vowel_sequence_suffix,/bo äňąhiňźmi…ôn/
boolean,bool-ean,2,3,other,/buňąliňź…ôn/
bracelet,bracelet,1,2,other,/ňąb…Ļe…™sl…ôt/
bracelets,bracelets,1,2,other,/ňąb…Ļe…™sl…™ts/
brochures,brochures,1,2,other,/b…Ļo äňą É ä…Ļz/
bryan,bryan,1,2,other,/ňąb…Ļa…™…ôn/
bryant,bryant,1,2,other,/ňąb…Ļa…™…ônt/
buddhism,bud-dhism,2,3,suffix_ism,/ňąbuňźd…™z…ôm/
bulgaria,bul-gar-ia,3,4,vowel_sequence_suffix,/b…ôlňą…°…õ…Ļi…ô/
californian,cal-i-for-ni-an,5,4,vowel_sequence_suffix,/ňĆk√¶l…™ňąf…Ē…Ļnj…ôn/
canadian,cana-di-an,3,4,vowel_sequence_suffix,/k…ôňąne…™di…ôn/
cannibalism,can-ni-bal-ism,4,5,suffix_ism,/ňąk√¶n…ôb…ôňĆl…™z…ôm/
capitalism,cap-i-tal-ism,4,5,suffix_ism,/ňąk√¶p…™t…ôňĆl…™z…ôm/
cataclysm,cat-a-clysm,3,4,other,/ňąk√¶t…ôňĆkl…™s…ôm/
catechism,cat-e-chism,3,4,suffix_ism,/ňąk√¶t…ôňĆk…™z…ôm/
categorically,cat-e-gor-i-cal-ly,6,5,adverb_ically_ally,/ňĆkat…™…°ňą…í…Ļ…™kl…™/
catholic,catholic,1,2,other,/ňąk√¶őłl…™k/
catholicism,cat-ho-li-cism,4,5,suffix_ism,/k…ôňąőł…Ēl…ôňĆs…™z…ôm/
cds,cds,1,2,other,/ňĆsiňźňądiňźz/
celsius,cel-sius,2,3,other,/ňąs…õlsi…ôs/
cenozoic,ce-no-zoic,3,4,other,/ňĆsiňźn…ôňązo ä…™k/
certificates,cer-tifi-cates,3,4,other,/s…öňąt…™f…™k…ôts/
championship,cham-pi-onship,3,4,other,/ňąt É√¶mpi…ônňĆ É…™p/
championships,cham-pi-onships,3,4,other,/ňąt É√¶mpi…ônňĆ É…™ps/
chaos,chaos,1,2,other,/ňąke…™…Ďs/
chaotic,chaot-ic,2,3,other,/ke…™ňą…Ďt…™k/
chasm,chasm,1,2,other,/ňąk√¶z…ôm/
chauvinism,chau-vin-ism,3,4,suffix_ism,/ňą Éo äv…ôňĆn…™z…ôm/
chemically,chem-i-cal-ly,4,3,adverb_ically_ally,/ňąk…õm…ôkli/
choir,choir,1,2,other,/ňąkwa…™…ö/
choreograph,chore-o-graph,3,4,other,/ňąk…Ē…Ļi…ôňĆ…°…Ļ√¶f/
choreographer,chore-og-ra-pher,4,5,other,/ňĆk…Ē…Ļiňą…Ď…°…Ļ…ôf…ö/
choreography,chore-og-ra-phy,4,5,other,/ňĆk…Ē…Ļiňą…Ď…°…Ļ…ôfi/
circumference,cir-cum-fer-ence,4,3,other,/ňĆs…Ěňąk Ćmf…Ļ…ôns/
classicism,clas-si-cism,3,4,suffix_ism,/ňąkl√¶s…™ňĆs…™z…ôm/
cnet,cnet,1,2,other,/ňąsiňźňĆn…õt/
colonel,colonel,1,2,other,/ňąk…Ěn…ôl/
colorfully,col-or-ful-ly,4,3,other,/ňąk Ćl…öfli/
colosseum,colos-se-um,3,4,other,/ňĆk…Ďl…ôňąsiňź…ôm/
communism,com-mu-nism,3,4,suffix_ism,/ňąk…Ďmj…ôňĆn…™z…ôm/
compendium,com-pen-dium,3,4,vowel_sequence_suffix,/k…ômňąp…õndi…ôm/
conferencing,con-fer-enc-ing,4,3,other,/ňąk…Ďnf…Ļ…ôns…™Ňč/
conservatism,con-ser-va-tism,4,5,suffix_ism,/k…ônňąs…Ěv…ôňĆt…™z…ôm/
constituency,cons-ti-tuen-cy,4,5,other,/k…ônňąst…™t Éu…ônsi/
constituent,cons-ti-tuent,3,4,other,/k…ônňąst…™t Éu…ônt/
contemptuously,con-temp-tu-ous-ly,5,4,other,/k…ônňąt…õmpt Éw…ôsli/
continuity,con-ti-nu-ity,4,5,suffix_ity_ety,/ňĆk…Ďnt…ôňąnuňź…ôti/
copying,copy-ing,2,3,other,/ňąk…Ďpi…™Ňč/
courier,couri-er,2,3,other,/ňąk…Ěi…ö/
creativity,cre-ativ-i-ty,4,5,suffix_ity_ety,/ňĆk…Ļiňźe…™ňąt…™v…ôti/
creator,cre-ator,2,3,other,/k…Ļiňąe…™t…ö/
criticism,crit-i-cism,3,4,suffix_ism,/ňąk…Ļ…™t…™ňĆs…™z…ôm/
croatia,croat-ia,2,3,vowel_sequence_suffix,/k…Ļo äňąe…™ É…ô/
cronyism,crony-ism,2,4,suffix_ism,/ňąk…Ļo äniňĆ…™z…ôm/
cubism,cu-bism,2,3,suffix_ism,/ňąkjuňźb…™z…ôm/
cuneiform,cu-nei-form,3,4,other,/ňąkjuňźni…ôňĆf…Ē…Ļm/
cyan,cyan,1,2,other,/sa…™ňą√¶n/
cynicism,cyn-i-cism,3,4,suffix_ism,/ňąs…™n…™ňĆs…™z…ôm/
darwinism,dar-win-ism,3,4,suffix_ism,/ňąd…Ď…Ļw…™ňĆn…™z…ôm/
decades,decades,1,2,other,/ňądeke…™dz/
decorative,dec-o-ra-tive,4,3,other,/ňąd…õk…Ļ…ôt…™v/
definitively,de-fi-ni-ti-ve-ly,6,5,other,/d…™ňąf…™n…™t…™vli/
deify,de-ify,2,3,other,/ňądiňź…ôňĆfa…™/
deist,deist,1,2,other,/ňądiňź…™st/
deity,de-ity,2,3,suffix_ity_ety,/ňądiňź…ôti/
delirium,delir-i-um,3,4,vowel_sequence_suffix,/d…™ňąl…™…Ļi…ôm/
demographically,de-mo-graph-i-cal-ly,6,5,adverb_ically_ally,/ňĆd…õm…ôňą…°…Ļ√¶f…™kli/
demonstrates,demon-strates,2,3,other,/ňąd…õm…ônňĆst…Ļe…™ts/
despotism,des-po-tism,3,4,suffix_ism,/ňąd…õsp…ôňĆt…™z…ôm/
devour,de-vour,2,3,other,/d…™ňąva ä…ö/
diabetes,di-a-betes,3,4,other,/ňĆda…™…ôňąbiňźtiz/
dialect,di-alect,2,3,other,/ňąda…™…ôňĆl…õkt/
diamond,di-a-mond,3,2,other,/ňąda…™m…ônd/
diamonds,di-a-monds,3,2,other,/ňąda…™m…ôndz/
diana,di-ana,2,3,other,/da…™ňą√¶n…ô/
diaphanous,diap-ha-nous,3,4,other,/da…™ňą√¶f…ôn…™s/
diatomic,di-atom-ic,3,4,other,/ňĆda…™…ôňąt…Ďm…™k/
discontinuity,dis-con-ti-nu-ity,5,6,suffix_ity_ety,/d…™ňĆsk…Ďnt…™ňąnuňź…™ti/
disheveled,di-sheveled,2,3,other,/d…™ňą É…õv…ôld/
disinterested,dis-in-ter-est-ed,5,4,other,/ňĆd…™sňą…™nt…Ļ…õst…™d/
disobedient,dis-obe-di-ent,4,5,other,/d…™s…ô äbňąiňźd…™…ônt/
disorient,dis-ori-ent,3,4,other,/d…™ňąs…Ē…ĻiňĆ…õnt/
docile,docile,1,2,other,/ňąd…Ďs…ôl/
domestically,do-mes-ti-cal-ly,5,4,adverb_ically_ally,/d…ôňąm…õst…™kli/
drastically,dras-ti-cal-ly,4,3,adverb_ically_ally,/ňąd…Ļ√¶st…™kli/
drawer,draw-er,2,1,other,/ňąd…Ļ…Ē…Ļ/
duet,duet,1,2,other,/djuňźňą…õt/
duo,duo,1,2,other,/ňąduňźo ä/
dvds,dvds,1,3,other,/ňĆdiňźňĆviňźňądiňźz/
dwarfism,dwar-fism,2,3,suffix_ism,/ňądw…Ē…Ļf…™z…ôm/
dynamically,dy-nam-i-cal-ly,5,4,adverb_ically_ally,/da…™ňąn√¶m…™ňĆkliňź/
easygoing,easy-go-ing,3,4,other,/ňąiňźziňą…°o ä…™Ňč/
economically,e-co-nom-i-cal-ly,6,5,adverb_ically_ally,/iňźk…ôňąn…Ēm…™k…ôl…™/
ecstatically,ec-stat-i-cal-ly,5,4,adverb_ically_ally,/…õkňąst√¶t…™kli/
edinburgh,ed-in-burgh,3,4,other,/ňą…õd…ônb…öo ä/
egoism,e-go-ism,3,4,suffix_ism,/ňąiňź…°o äňĆ…™z…ôm/
egotism,e-go-tism,3,4,suffix_ism,/ňąiňź…°…ôňĆt…™z…ôm/
elaborately,e-lab-o-rate-ly,5,4,other,/…™ňąl√¶b…Ļ…ôtli/
elysium,ely-si-um,3,4,vowel_sequence_suffix,/…™ňąl…™zi…ôm/
emaciated,ema-ci-at-ed,4,5,other,/…™ňąme…™ ÉiňĆe…™t…™d/
embolism,em-bo-lism,3,4,suffix_ism,/ňą…õmbo äňĆl…™z…ôm/
embryo,em-bryo,2,3,other,/ňą…õmb…ĻiňĆo ä/
emirates,emi-rates,2,3,other,/…ôňąm…™rets/
emotionally,e-mo-tion-al-ly,5,4,adverb_ically_ally,/…™mňą…ô ä É…ôn…ôl…™/
empiricism,em-pi-ri-cism,4,5,suffix_ism,/…õmňąp…™…Ļ…ôňĆs…™z…ôm/
emulsifier,emul-si-fi-er,4,5,other,/…™ňąm Ćls…ôňĆfa…™…ö/
encomium,en-comi-um,3,4,vowel_sequence_suffix,/…õnňąk…ĒňĆm…™…ôm/
energetically,en-er-get-i-cal-ly,6,5,adverb_ically_ally,/ňĆ…õn…öňąd í…õt…™kli/
enthusiasm,en-thu-si-asm,4,5,other,/…™nňąőłuňźziňĆ√¶z…ôm/
enthusiastically,en-thu-si-as-ti-cal-ly,7,6,adverb_ically_ally,/…™nňĆőłuňźziňą√¶st…™kli/
entrepreneurial,en-tre-pre-neur-ial,5,6,other,/ňĆ…Ďnt…Ļ…ôp…Ļ…ôňąn…Ěi…ôl/
enviable,en-vi-able,3,4,suffix_able_ible,/ňą…õnvi…ôb…ôl/
eohippus,eo-hip-pus,3,4,other,/ňĆiňźo äňąh…™p…ôs/
eon,eon,1,2,other,/ňąiňź…ín/
eos,eos,1,2,other,/ňąiňź…Ďs/
epilogue,epi-logue,2,3,other,/ňą…õp…ôňĆl…Ē…°/
episodes,e-pi-so-des,4,3,other,/ňą…õp…™sňĆ…ô ädz/
etc,etc,1,4,other,/ňĆ…õtňąs…õt…ö…ô/
ethereal,ethe-re-al,3,4,other,/…™ňąőł…™…Ļi…ôl/
ethiopia,et-hio-pia,3,5,vowel_sequence_suffix,/ňĆiňźőłiňąo äpi…ô/
euphony,e-u-pho-ny,4,3,other,/ňąjuňźf…ôni/
evening,evening,1,2,other,/ňąiňźvn…™Ňč/
eventual,even-tu-al,3,4,other,/…™vňą…õnt Éuňź…ôl/
eventuality,even-tu-al-i-ty,5,6,suffix_ity_ety,/…™ňĆvent Éuňą√¶l…™t…™/
excellency,ex-cel-len-cy,4,3,other,/ňą…õkňąsl…õnsi/
exorcism,ex-or-cism,3,4,suffix_ism,/ňą…õks…öňĆs…™z…ôm/
experiences,ex-pe-ri-ences,4,5,other,/…™kňąsp…™…Ļi…ôns…™z/
facelift,facelift,1,2,other,/ňąfe…™ňĆsl…™ft/
facile,facile,1,2,other,/ňąf√¶s…ôl/
fanaticism,fa-na-ti-cism,4,5,suffix_ism,/f…ôňąn√¶t…ôňĆs…™z…ôm/
fancier,fanci-er,2,3,other,/ňąf√¶nsi…ö/
farewell,farewell,1,2,other,/ňĆf…õ…Ļňąw…õl/
fascism,fas-cism,2,3,suffix_ism,/ňąf√¶ňĆ É…™z…ôm/
fatalism,fa-tal-ism,3,4,suffix_ism,/ňąfe…™t…ôňĆl…™z…ôm/
favoritism,fa-vo-ri-tism,4,5,suffix_ism,/ňąfe…™v…ö…™ňĆt…™z…ôm/
feb,feb,1,4,other,/ňąf…õbj…ôňĆw…õ…Ļi/
february,feb-ru-ary,3,4,other,/ňąf…õb…Ļuňź…ô…Ļ…™/
feminism,fem-i-nism,3,4,suffix_ism,/ňąf…õm…™ňĆn…™z…ôm/
feudalism,feu-dal-ism,3,4,suffix_ism,/ňąfjuňźd…ôňĆl…™z…ôm/
filial,fil-ial,2,3,other,/ňąf…™li…ôl/
flickr,flickr,1,2,other,/ňąfl…™k…ö/
fluorescent,flu-o-res-cent,4,3,other,/fl ä…ô…Ļňą…õs…ônt/
forego,forego,1,2,other,/f…Ē…Ļňą…°o ä/
foreseeable,fore-see-able,3,4,suffix_able_ible,/f…Ē…Ļňąsiňź…ôb…ôl/
fortuitous,for-tu-itous,3,4,other,/f…Ē…Ļňątuňź…™t…ôs/
freudian,freudi-an,2,3,vowel_sequence_suffix,/ňąf…Ļuňźdi…ôn/
fs,fs,1,0/2,other,/ňĆ…õfňą…õs/
gazelle,gazelle,1,2,other,/…°…ôňąz…õl/
genetically,ge-net-i-cal-ly,5,4,adverb_ically_ally,/d í…ôňąn…õt…™kli/
geometrically,ge-o-met-ri-cal-ly,6,5,adverb_ically_ally,/ňĆd íiňź…ôňąm…õt…Ļ…™kli/
graphically,graph-i-cal-ly,4,3,adverb_ically_ally,/ňą…°…Ļ√¶f…™kli/
gratuitous,gra-tu-itous,3,4,other,/…°…Ļ…ôňątuňź…ôt…ôs/
gratuity,gra-tu-ity,3,4,suffix_ity_ety,/…°…Ļ…ôňątuňź…™ti/
gravitationally,grav-i-ta-tion-al-ly,6,5,adverb_ically_ally,/ňĆ…°…Ļ√¶v…ôňąte…™ Én…ôli/
grotesque,grotesque,1,2,other,/…°…Ļo äňąt…õsk/
hawaiian,hawai-ian,2,3,vowel_sequence_suffix,/h…ôňąwa…™…ôn/
hedonism,he-do-nism,3,4,suffix_ism,/ňąhiňźd…ôňĆn…™z…ôm/
herbarium,herbar-i-um,3,4,vowel_sequence_suffix,/h…úňźbňąe…ô…Ļ…™…ôm/
heroic,hero-ic,2,3,other,/h…™ňą…Ļo ä…™k/
heroin,hero-in,2,3,other,/ňąh…õ…Ļo ä…ôn/
heroism,hero-ism,2,4,suffix_ism,/ňąh…õ…Ļo äňĆ…™z…ôm/
heterogeneity,he-te-ro-ge-nei-ty,6,7,suffix_ity_ety,/ňąh…õt…Ļ…ôd íňĆ…õne…™t…™/
hierarchical,hi-er-ar-chi-cal,5,4,other,/ňĆha…™ňą…Ļ…Ď…Ļk…ôk…ôl/
histrionic,histri-on-ic,3,4,other,/ňĆh…™st…Ļiňą…Ďn…™k/
hmm,hmm,1,0,other,/hm/
homogeneity,ho-mo-ge-nei-ty,5,6,suffix_ity_ety,/ňĆh…Ďm…ôd í…ôňąniňź…ôti/
hopewell,hopewell,1,2,other,/ňąho äpňĆw…õl/
hourglass,hour-glass,2,3,other,/ňąa ä…öňĆ…°l√¶s/
hughes,hugh-es,2,1,other,/ňąhjuňźz/
humanism,hu-man-ism,3,4,suffix_ism,/ňąhjuňźm…ôňĆn…™z…ôm/
hydroelectric,hy-dro-elec-tric,4,5,other,/ňĆha…™d…Ļo ä…™ňąl…õkt…Ļ…™k/
hyena,hye-na,2,3,other,/ha…™ňąiňźn…ô/
hyperborean,hy-per-bore-an,4,5,other,/ňĆha…™p…öňąb…Ē…Ļi…ôn/
hypnotism,hyp-no-tism,3,4,suffix_ism,/ňąh…™pn…ôňĆt…™z…ôm/
hypochondriac,hy-poc-hon-driac,4,5,other,/ňĆha…™p…ôňąk…Ďnd…Ļi√¶k/
hysterically,hys-ter-i-cal-ly,5,4,adverb_ically_ally,/ňĆh…™ňąst…õ…Ļ…™kli/
ian,ian,1,2,vowel_sequence_suffix,/ňąiňź…ôn/
idealism,ide-al-ism,3,4,suffix_ism,/a…™ňądiňźl…™z…ôm/
idealistic,ide-al-is-tic,4,5,other,/a…™ňĆdiňź…ôňąl…™st…™k/
identifiable,i-den-ti-fi-able,5,6,suffix_able_ible,/a…™ňąd…õnt…ôňĆfa…™…ôb…ôl/
ideology,ide-ol-o-gy,4,5,other,/ňĆa…™diňą…Ďl…ôd íi/
idiom,id-iom,2,3,other,/ňą…™di…ôm/
idiot,id-iot,2,3,other,/ňą…™ňĆdiňź…ôt/
ids,ids,1,2,other,/ňąa…™ňądiňźz/
imagery,im-agery,2,3,other,/ňą…™m…™d í…Ļ…™/
immemorial,im-memo-ri-al,4,5,other,/ňĆ…™m…ôňąm…Ē…Ļi…ôl/
imperialism,im-pe-ri-al-ism,5,6,suffix_ism,/ňĆ…™mňąp…™…Ļi…ôňĆl…™z…ôm/
impoverish,im-pov-er-ish,4,3,other,/ňĆ…™mňąp…Ďv…Ļ…™ É/
impoverished,im-pov-er-ished,4,3,other,/ňĆ…™mňąp…Ďv…Ļ…™ Ét/
impropriety,im-pro-pri-ety,4,5,suffix_ity_ety,/ňĆ…™mp…Ļ…ôňąp…Ļa…™…ôti/
incendiary,in-cen-di-ary,4,5,other,/ňĆ…™nňąs…õndi…õ…Ļi/
inconspicuous,in-con-spic-u-ous,5,4,vowel_sequence_suffix,/ňĆ…™Ňčňąk…Ďnsp…™kw…ôs/
indiana,in-di-ana,3,4,other,/ňĆ…™ndiňą√¶n…ô/
individualism,in-di-vid-u-al-ism,6,7,suffix_ism,/ňĆ…™nd…™v…™ňąduňź…ôňĆl…™z…ôm/
inebriated,ine-bri-at-ed,4,5,other,/ňĆ…™ňąn…õb…ĻiňĆe…™t…ôd/
influences,in-flu-ences,3,4,other,/ňą…™nňĆfluňź…ôns…™z/
influenza,in-fluen-za,3,4,other,/ňĆ…™nfluňą…õnz…ô/
ingenuity,in-ge-nu-ity,4,5,suffix_ity_ety,/ňĆ…™nd í…ôňąnuňź…ôňĆtiňź/
initiated,ini-ti-at-ed,4,5,other,/…™ňąn…™ É…™e…™t…™d/
intermediary,in-ter-me-di-ary,5,6,other,/ňĆ…™nt…ômňąiňźdiňź…ô…Ļ…™/
intestines,in-testines,2,3,other,/ňĆ…™nňąt…õst…ônz/
inuit,i-nu-it,3,2,other,/ňą…™nut/
inviolable,in-vi-o-lable,4,5,suffix_able_ible,/ňĆ…™nňąva…™…ôl…ôb…ôl/
ion,ion,1,2,other,/ňąa…™…ín/
iota,io-ta,2,3,other,/ňĆa…™ňąo ät…ô/
iowa,io-wa,2,3,other,/ňąa…™…ôw…ô/
iridium,irid-i-um,3,4,vowel_sequence_suffix,/ňĆ…™ňą…Ļ…™di…ôm/
iroquois,iro-quois,2,3,other,/ňą…™…Ļ…ôňĆkw…Ē…™/
jacksonville,jack-sonville,2,3,other,/ňąd í√¶ks…ônňĆv…™l/
january,jan-u-ary,3,4,other,/ňąd í√¶njuňĆ…õ…Ļi/
jingoism,jin-go-ism,3,4,suffix_ism,/ňąd í…™ŇčňĆ…°o ä…™z…ôm/
joel,joel,1,2,other,/ňąd ío ä…ôl/
joshua,jos-hua,2,3,other,/ňąd í…ĎňĆ Éuňź…ô/
journalism,jour-nal-ism,3,4,suffix_ism,/ňąd í…Ěn…ôňĆl…™z…ôm/
justifiable,jus-ti-fi-able,4,5,suffix_able_ible,/ňąd í Ćst…ôňĆfa…™…ôb…ôl/
karaoke,ka-rao-ke,3,4,other,/ňĆk…õ…Ļiňąo äki/
kier,ki-er,2,1,other,/ňąk…™…Ļ/
laboratories,lab-o-ra-to-ries,5,4,other,/ňąl√¶b…Ļ…ôňĆt…Ē…Ļiz/
laboratory,lab-o-ra-to-ry,5,4,other,/ňąl√¶b…Ļ…ôňĆt…Ē…Ļi/
laity,lai-ty,2,3,suffix_ity_ety,/ňąle…™…ôti/
lauderdale,laud-erdale,2,3,other,/ňąl…Ēd…öňĆde…™l/
leisurely,leisure-ly,2,3,other,/ňąliňźz…öli/
leviathan,le-viat-han,3,4,other,/l…ôňąva…™…ôőł…ôn/
liable,li-able,2,3,suffix_able_ible,/ňąla…™…ôb…ôl/
liberalism,lib-er-al-ism,4,5,suffix_ism,/ňąl…™ňĆb…Ě…ôňĆl…™z…ôm/
lifeblood,lifeblood,1,2,other,/ňąla…™fňĆbl Ćd/
linear,lin-ear,2,3,other,/ňąl…™ni…ö/
linearly,lin-ear-ly,3,4,other,/ňąl…™ni…öli/
linoleum,li-no-leum,3,4,other,/l…ôňąno äli…ôm/
liqueur,liqueur,1,2,other,/l…™ňąk…Ě/
lithuania,lit-hua-nia,3,5,vowel_sequence_suffix,/ňĆl…™őł…ôňąwe…™ni…ô/
livelihood,liveli-hood,2,3,other,/ňąla…™vliňĆh äd/
loess,loess,1,2,other,/ňąlo ä…ôs/
logically,log-i-cal-ly,4,3,adverb_ically_ally,/ňąl…Ďd í…™kli/
louisiana,lou-i-si-ana,4,5,other,/luňĆiňźziňą√¶n…ô/
louisville,lou-is-vil-le,4,3,other,/ňąluňźiňĆv…™l/
machiavellian,mac-hia-vel-lian,4,5/6,vowel_sequence_suffix,/ňĆm√¶k…™…ôňąvel…™…ôn/
magnesium,mag-ne-sium,3,4,vowel_sequence_suffix,/m√¶…°ňąniňźzi…ôm/
magnetism,ma-gne-tism,3,4,suffix_ism,/ňąm√¶…°n…ôňĆt…™z…ôm/
makeshift,makeshift,1,2,other,/ňąme…™kňĆ É…™ft/
managerial,man-age-ri-al,4,5,other,/ňĆm√¶n…™ňąd í…™…Ļi…ôl/
mannerism,man-ner-ism,3,4,suffix_ism,/ňąm√¶n…öňĆ…™z…ôm/
mariah,mari-ah,2,3,other,/m…öňąa…™…ô/
marxism,marx-ism,2,3,suffix_ism,/ňąm…Ď…Ļks…™z…ôm/
materialism,ma-te-ri-al-ism,5,6,suffix_ism,/m…ôňąt…™…Ļi…ôňĆl…™z…ôm/
mauritius,mau-ri-tius,3,4,other,/m…Ēňą…Ļ…™ti…ôs/
mausoleum,mau-so-leum,3,4,other,/ňĆm…Ēs…ôňąliňź…ôm/
mcdonald,mcdon-ald,2,3,other,/m…ôkňąd…Ďn…ôld/
mechanically,me-chan-i-cal-ly,5,4,adverb_ically_ally,/m…ôňąk√¶n…™kli/
mechanism,mech-a-nism,3,4,suffix_ism,/ňąm…õk…ôňĆn…™z…ôm/
mechanisms,mech-a-nisms,3,4,other,/ňąm…õk…ôňĆn…™z…ômz/
medicines,me-di-ci-nes,4,3,other,/ňąm…õd…ôs…ônz/
memorial,memo-ri-al,3,4,other,/m…ôňąm…Ē…Ļi…ôl/
meridian,merid-i-an,3,4,vowel_sequence_suffix,/m…öňą…™di…ôn/
mesmerism,me-sme-rism,3,4,suffix_ism,/ňąm…õsm…öňĆ…™z…ôm/
mesozoic,me-so-zoic,3,4,other,/ňĆm…õs…ôňązo ä…™k/
metabolism,me-tab-o-lism,4,5,suffix_ism,/m…ôňąt√¶b…ôňĆl…™z…ôm/
meteoric,me-te-oric,3,4,other,/ňĆmiňźtiňą…Ē…Ļ…™k/
michelle,michelle,1,2,other,/m…™ňą É…õl/
microcosm,mi-cro-cosm,3,4,other,/ňąma…™k…Ļ…ôňĆk…Ďz…ôm/
militarism,mi-li-ta-rism,4,5,suffix_ism,/ňąm…™l…ôt…öňĆ…™z…ôm/
miniscule,minis-cule,2,3,other,/ňąm…™n…™skjul/
minutely,minute-ly,2,3,other,/ňąm…™n…ôtli/
mm,mm,1,0,other,/m/
modernism,mo-der-nism,3,4,suffix_ism,/ňąm…Ďd…öňĆn…™z…ôm/
monologue,mono-logue,2,3,other,/ňąm…Ďn…ôňĆl…Ē…°/
monotheism,mo-not-he-ism,4,5,suffix_ism,/ňąm…Ďn…ôňĆőłiňź…™z…ôm/
montgomery,mont-gomery,2,3,other,/m…Ďntňą…° Ćm…Ļi/
morale,morale,1,2,other,/m…öňą√¶l/
moralism,mo-ra-lism,3,4,suffix_ism,/ňąm…Ē…Ļ…ôňĆl…™z…ôm/
moratorium,mora-to-ri-um,4,5,vowel_sequence_suffix,/ňĆm…Ē…Ļ…ôňąt…Ē…Ļi…ôm/
motile,motile,1,2,other,/ňąmo ät…ôl/
mozambique,mozam-bique,2,3,other,/ňĆm…íz…źmbňąiňźk/
mpeg,mpeg,1,2,other,/ňą…õmňĆp…õ…°/
mrs,mrs,1,2,other,/ňąm…™s…™z/
mutualism,mu-tu-al-ism,4,5,suffix_ism,/ňąmjuňźt ÉuňĆ ĆňĆl…™z…ôm/
myopic,my-opic,2,3,other,/ma…™ňą…Ďp…™k/
naivete,nai-ve-te,3,4,other,/n…ĎňĆiňźv…ôňąte…™/
narcissism,nar-cis-sism,3,4,suffix_ism,/ňąn…Ď…Ļs…™ňĆs…™z…ôm/
neanderthal,ne-an-derthal,3,4,other,/niňą√¶nd…öňĆőł…Ēl/
neolithic,ne-olith-ic,3,4,other,/ňąniňźo äňĆl…™őł…™k/
nepotism,ne-po-tism,3,4,suffix_ism,/ňąn…õp…ôňĆt…™z…ôm/
nicole,nicole,1,2,other,/n…™ňąko äl/
nihilism,ni-hi-lism,3,4,suffix_ism,/ňąna…™…ôňĆl…™z…ôm/
notoriety,no-to-ri-ety,4,5,suffix_ity_ety,/ňĆno ät…öňąa…™…ôti/
oasis,oa-sis,2,3,other,/o äňąe…™s…™s/
obedient,obe-di-ent,3,4,other,/o äňąbiňźdi…ônt/
obituary,o-bit-u-ary,4,5,other,/o äňąb…™t ÉuňĆ…õ…Ļi/
obliged,obliged,1,2,other,/…ôňąbla…™d íd/
oblique,oblique,1,2,other,/…ôňąbliňźk/
omelet,omelet,1,2,other,/ňą…Ďml…ôt/
opaque,opaque,1,2,other,/o äňąpe…™k/
opened,opened,1,2,other,/ňąo äp…ônd/
opera,opera,1,2,other,/ňą…Ďp…Ļ…ô/
opium,opi-um,2,3,vowel_sequence_suffix,/ňąo äpi…ôm/
opportunism,op-por-tu-nism,4,5,suffix_ism,/ňĆ…Ďp…öňątuňźňĆn…™z…ôm/
optimism,op-ti-mism,3,4,suffix_ism,/ňą…Ďpt…ôňĆm…™z…ôm/
organically,or-gan-i-cal-ly,5,4,adverb_ically_ally,/…Ē…Ļňą…°√¶n…™kli/
organism,or-gan-ism,3,4,suffix_ism,/ňą…Ē…Ļ…°…ôňĆn…™z…ôm/
organisms,or-gan-isms,3,4,other,/ňą…Ē…Ļ…°…ôňĆn…™z…ômz/
orient,ori-ent,2,3,other,/ňą…Ē…ĻiňĆ…õnt/
oriental,ori-en-tal,3,4,other,/ňĆ…Ēňź…Ļ…™ňą…õnt…ôl/
oriented,ori-ent-ed,3,4,other,/ňą…Ēňź…Ļ…™…ônt…™d/
ostracism,os-tra-cism,3,4,suffix_ism,/ňą…Ēst…Ļ…ôňĆs…™z…ôm/
overseer,o-ver-seer,3,4,other,/ňąo äv…öňąsiňź…ö/
overstatement,over-state-ment,3,4,other,/ňąo äv…öňĆste…™tm…ônt/
overtaxed,over-taxed,2,3,other,/ňĆo äv…öňąt√¶kst/
overturned,over-turned,2,3,other,/ňąo äv…öňĆt…Ěnd/
pacifier,paci-fi-er,3,4,other,/ňąp√¶s…ôňĆfa…™…ö/
paraguay,pa-ra-gua-y,4,3,other,/ňąp…õ…Ļ…ôňĆ…°we…™/
parallelism,par-al-lel-ism,4,5,suffix_ism,/ňąp…õ…Ļ…ôňĆl…õňĆl…™z…ôm/
pariah,pari-ah,2,3,other,/p…öňąa…™…ô/
parochial,pa-roc-hial,3,4,other,/p…öňąo äki…ôl/
pastoralism,pas-to-ra-lism,4,5,suffix_ism,/ňąp√¶st…ö…ôňĆl…™z…ôm/
patriarchy,pa-tri-archy,3,4,other,/ňąpe…™t…ĻiňĆ…Ď…Ļki/
patriotism,pa-tri-o-tism,4,5,suffix_ism,/ňąpe…™t…Ļi…ôňĆt…™z…ôm/
pcs,pcs,1,2,other,/ňąpiňźňąsiňźz/
pedestrian,pedes-tri-an,3,4,vowel_sequence_suffix,/p…ôňąd…õst…Ļi…ôn/
pediatric,pe-di-atric,3,4,other,/ňĆpiňźdiňą√¶t…Ļ…™k/
pediatrics,pe-di-atrics,3,4,other,/ňĆpiňźdiňą√¶t…Ļ…™ks/
pentium,pen-tium,2,3,vowel_sequence_suffix,/ňąp…õnti…ôm/
perennial,peren-ni-al,3,4,other,/p…öňą…õni…ôl/
peristyle,peri-style,2,3,other,/ňąp…õ…Ļ…ôňĆsta…™l/
permeability,per-me-abil-i-ty,5,6,suffix_ity_ety,/p…öňĆmiňź…ôňąb…™l…™ti/
permeable,per-me-able,3,4,suffix_able_ible,/ňąp…ĚňĆmiňź…ôb…ôl/
pessimism,pes-si-mism,3,4,suffix_ism,/ňąp…õs…ôňĆm…™z…ôm/
pete,pe-te,2,1,other,/ňąpiňźt/
philippines,philip-pines,2,3,other,/ňąf…™l…ôňĆpiňźnz/
photoelectric,pho-to-elec-tric,4,5,other,/ňĆfo äto ä…™ňąl…õkt…Ļ…™k/
physiologically,phys-i-o-log-i-cal-ly,7,6,adverb_ically_ally,/ňĆf…™zi…ôňąl…Ďd í…™kli/
physique,physique,1,2,other,/f…ôňąziňźk/
pianist,pi-anist,2,3,other,/ňąp…™…ôn…™st/
piano,pi-ano,2,3,other,/p…™ňą…Ďňźn…ô ä/
picaresque,pi-caresque,2,3,other,/ňĆp…™k…ôňą…Ļ…õsk/
picturesque,pic-turesque,2,3,other,/ňąp…™kt É…ö…ôsk/
platelet,platelet,1,2,other,/ňąple…™tl…ôt/
pliable,pli-able,2,3,suffix_able_ible,/ňąpla…™…ôb…ôl/
pluralism,plu-ral-ism,3,4,suffix_ism,/ňąpl ä…Ļ…ôňĆl…™z…ôm/
podium,podi-um,2,3,vowel_sequence_suffix,/ňąpo ädi…ôm/
polyester,po-lyes-ter,3,4,other,/ňĆp…ĎňĆliňźňą…õst…ö/
polytheism,poly-the-ism,3,5,suffix_ism,/ňąp…ĎňĆliňźőłi…™z…ôm/
posterior,pos-te-ri-or,4,3,other,/ňĆp…Ēňąst…™…Ļj…ö/
potassium,potas-si-um,3,4,vowel_sequence_suffix,/p…ôňąt√¶si…ôm/
powerfully,pow-er-ful-ly,4,3,other,/ňąpa ä…öfli/
preponderance,pre-pon-der-ance,4,3,other,/p…Ļiňąp…Ďnd…Ļ…ôns/
principally,prin-ci-pal-ly,4,3,adverb_ically_ally,/ňąp…Ļ…™ns…™pli/
prism,prism,1,2,suffix_ism,/ňąp…Ļ…™z…ôm/
prolifically,pro-lif-i-cal-ly,5,4,adverb_ically_ally,/p…Ļo äňąl…™f…™kli/
promised,promised,1,2,other,/ňąp…Ļ…Ďm…ôst/
proprietor,pro-pri-etor,3,4,other,/p…Ļ…ôňąp…Ļa…™…ôt…ö/
proprietorship,pro-pri-etor-ship,4,5,other,/p…Ļ…ôňąp…Ļa…™…ôt…öňĆ É…™p/
propriety,pro-pri-ety,3,4,suffix_ity_ety,/p…Ļ…ôňąp…Ļa…™…ôti/
provocatively,pro-vo-ca-ti-ve-ly,6,5,other,/p…Ļo äňąv…Ďk…ôt…™vli/
prurient,pruri-ent,2,3,other,/ňąp…Ļ ä…Ļi…ônt/
psychiatric,psy-chi-atric,3,4,other,/ňĆsa…™kiňą√¶t…Ļ…™k/
psychologically,psy-cho-log-i-cal-ly,6,5,adverb_ically_ally,/ňĆsa…™k…ôňąl…Ďd í…™kli/
puerile,puerile,1,2,other,/pjuňą…Ļiňźl/
pugilism,pu-gi-lism,3,4,suffix_ism,/ňąpjuňźd í…ôl…™z…ôm/
racism,ra-cism,2,3,suffix_ism,/ňą…Ļe…™ňĆs…™z…ôm/
radically,rad-i-cal-ly,4,3,adverb_ically_ally,/ňą…Ļ√¶d…™kli/
radius,ra-dius,2,3,other,/ňą…Ļe…™di…ôs/
rarely,rarely,1,2,other,/ňą…Ļ…õ…Ļli/
real,re-al,2,1,other,/ňą…Ļiňźl/
realisation,re-al-i-sa-tion,5,4,suffix_tion_sion_cian,/ňą…Ļiňźl…ôňąze…™ É…ôn/
realism,re-al-ism,3,4,suffix_ism,/ňą…Ļiňź…ôl…™z…ôm/
realistically,re-al-is-ti-cal-ly,6,5,adverb_ically_ally,/ňĆ…Ļiňź…ôňąl…™st…™kli/
really,re-al-ly,3,2,adverb_ically_ally,/ňą…Ļ…™…ôl…™/
reassess,re-assess,2,3,other,/…Ļi…ôňąs…õs/
recidivism,re-ci-di-vism,4,5,suffix_ism,/…Ļ…ôňąs…™d…™ňĆv…™z…ôm/
recognised,recog-nised,2,3,other,/ňą…Ļ…õk…ô…°ňĆna…™zd/
reelect,re-elect,2,3,other,/…Ļi…™ňąl…õkt/
reenact,reen-act,2,3,other,/…Ļi…™ňąn√¶kt/
reenter,reen-ter,2,3,other,/…Ļiňą…™nt…ö/
reestablish,rees-ta-blish,3,4,other,/…Ļi…™ňąst√¶bl…™ É/
reissue,reis-sue,2,3,other,/…Ļiňą…™ Éu/
reliable,re-li-able,3,4,suffix_able_ible,/…Ļ…™lňąa…™…ôb…ôl/
renowned,renowned,1,2,other,/…Ļ…™ňąna änd/
reopen,re-open,2,3,other,/…Ļiňąo äp…ôn/
reorient,re-ori-ent,3,4,other,/…Ļiňą…Ē…Ļi…õnt/
reschedule,resched-ule,2,3,other,/…Ļiňąsk…õd íul/
residual,resid-u-al,3,4,other,/…Ļ…™ňąz…™d íu…ôl/
rheumatism,rheu-ma-tism,3,4,suffix_ism,/ňą…Ļuňźm…ôňĆt…™z…ôm/
rhythm,rhythm,1,2,other,/ňą…Ļ…™√į…ôm/
rhythmically,rhyth-mi-cal-ly,4,3,adverb_ically_ally,/ňą…Ļ…™√įm…™kli/
ridicule,ri-di-cu-le,4,3,other,/ňą…Ļ…™d…ôňĆkjuňźl/
riotous,ri-otous,2,3,other,/ňą…Ļa…™…ôt…ôs/
romanticism,ro-man-ti-cism,4,5,suffix_ism,/…Ļo äňąm√¶nt…ôňĆs…™z…ôm/
ruinous,ru-inous,2,3,other,/ňą…Ļuňź…ôn…ôs/
rwanda,rwan-da,2,3,other,/ňąrj√¶nd…ô/
ryan,ryan,1,2,other,/ňą…Ļa…™…ôn/
saleswoman,sales-woman,2,3,other,/ňąse…™lňĆzw äm…ôn/
samoa,sa-moa,2,3,other,/s…ôňąmo ä…ô/
sanctuary,sanc-tu-ary,3,4,other,/ňąs√¶Ňčkt ÉuňĆ…õ…Ļi/
sapiens,sapi-ens,2,3,other,/ňąse…™pi…ônz/
sarcasm,sar-casm,2,3,other,/ňąs…Ď…ĻňĆk√¶z…ôm/
sarcastically,sar-cas-ti-cal-ly,5,4,adverb_ically_ally,/s…Ď…Ļňąk√¶st…™kli/
satisfactorily,sat-is-fac-to-ri-ly,6,5,other,/ňĆs√¶t…™ňąsf√¶kt…Ļ…ôli/
scenarios,sce-nar-ios,3,4,other,/s…™ňąn…õ…Ļio äz/
schism,schism,1,2,suffix_ism,/ňąsk…™z…ôm/
sciences,sci-ences,2,3,other,/ňąsa…™…ôns…™z/
scsi,scsi,1,2,other,/ňąsk äňĆziňź/
secretariat,sec-re-tar-iat,4,5,other,/ňĆs…õk…Ļ…™ňąt…õ…Ļi…ôt/
semiannual,semi-an-nu-al,4,5,other,/ňąsem…™ňą√¶nj ä…ôl/
servile,servile,1,2,other,/ňąs…Ěv…ôl/
sexism,sex-ism,2,3,suffix_ism,/ňąs…õks…™z…ôm/
sh,sh,1,0,other,/ É/
shh,shh,1,0,other,/ É/
simian,simi-an,2,3,vowel_sequence_suffix,/ňąs…™mi…ôn/
sinuous,sin-u-ous,3,2,vowel_sequence_suffix,/ňąs…™nw…ôs/
skepticism,skep-ti-cism,3,4,suffix_ism,/ňąsk…õpt…™ňĆs…™z…ôm/
sobriety,so-bri-ety,3,4,suffix_ity_ety,/s…ôňąb…Ļa…™…ôti/
society,so-ci-ety,3,4,suffix_ity_ety,/s…ôňąsa…™…ôti/
sodium,sodi-um,2,3,vowel_sequence_suffix,/ňąso ädi…ôm/
soloist,so-loist,2,3,other,/ňąs…ô äl…ô äňĆ…™st/
somebody,some-body,2,3,other,/ňąs Ćmb…íd…™/
sovereign,sov-er-eign,3,2,other,/ňąs…Ďv…Ļ…ôn/
sovereignty,sovereign-ty,2,3,other,/ňąs…Ďv…Ļ…ônti/
spasm,spasm,1,2,other,/ňąsp√¶z…ôm/
spokesman,spokesman,1,2,other,/ňąspo äksm…ôn/
spokesperson,spokesper-son,2,3,other,/ňąspo äksp…ös…ôn/
spokeswoman,spokes-woman,2,3,other,/ňąspo äkňĆsw äm…ôn/
spontaneity,spon-ta-nei-ty,4,5,suffix_ity_ety,/ňĆsp…Ďnt…ôňąniňź…ôti/
sporadically,spo-rad-i-cal-ly,5,4,adverb_ically_ally,/sp…öňą√¶d…™kli/
sql,sql,1,2/3,other,/ňĆ…õskjňĆuňźňą…õl/
statewide,statewide,1,2,other,/ňąste…™ňĆtwa…™d/
statuary,stat-u-ary,3,4,other,/ňąst√¶t ÉuňĆ…õ…Ļi/
statuesque,sta-tuesque,2,3,other,/ňĆst√¶t Éuňą…õsk/
statutes,statutes,1,2,other,/ňąst√¶t Éuts/
stoicism,sto-ic-ism,3,4,suffix_ism,/ňąsto ä…ôňĆs…™z…ôm/
stonewall,stonewall,1,2,other,/ňąsto änňĆw…Ēl/
stoneware,stoneware,1,2,other,/ňąsto änňĆw…õ…Ļ/
studying,study-ing,2,3,other,/ňąst Ćdi…™Ňč/
subtly,sub-tly,2,3,other,/ňąs Ćt…ôli/
sundial,sun-di-al,3,2,other,/ňąs ĆnňĆda…™l/
superfluous,su-per-flu-ous,4,3,vowel_sequence_suffix,/ňąsuňźp…öflňĆw Ćs/
symbolism,sym-bol-ism,3,4,suffix_ism,/ňąs…™mb…ôňĆl…™z…ôm/
symposium,sym-po-sium,3,4,vowel_sequence_suffix,/s…™mňąpo äzi…ôm/
synthetically,syn-thet-i-cal-ly,5,4,adverb_ically_ally,/s…™nňąőł…õt…™kli/
syria,syr-ia,2,3,vowel_sequence_suffix,/ňąs…™…Ļi…ô/
systematically,sys-tem-at-i-cal-ly,6,5,adverb_ically_ally,/ňĆs…™st…ôňąm√¶t…™kli/
teleology,tele-ol-o-gy,4,5,other,/ňątiňźliňĆ…Ēl…ôňĆd íiňź/
tellurium,tel-luri-um,3,4,vowel_sequence_suffix,/t…õňąl ä…Ļi…ôm/
temperament,tem-per-a-ment,4,3,other,/ňąt…õmp…Ļ…ôm…ônt/
temperamental,tem-per-a-men-tal,5,4,other,/ňĆt…õmp…Ļ…ômňą…õnt…ôl/
temperamentally,tem-per-a-men-tal-ly,6,5,adverb_ically_ally,/ňĆtempr…ôňąment…ôl…™/
terrorism,ter-ror-ism,3,4,suffix_ism,/ňąt…õ…Ļ…öňĆ…™z…ôm/
theater,the-ater,2,3,other,/ňąőłiňź…ôt…ö/
theaters,the-aters,2,3,other,/ňąőłiňź…ôt…öz/
theatre,the-atre,2,3,other,/ňąőłiňź…ôt…ö/
theatrical,the-atri-cal,3,4,other,/őłiňą√¶t…Ļ…™k…ôl/
theism,the-ism,2,3,suffix_ism,/ňąőłiňź…™z…ôm/
theorem,the-o-rem,3,2,other,/ňąőł…™…Ļ…ôm/
ticklish,tick-lish,2,3,other,/ňąt…™k…ôl…™ É/
timetable,ti-me-ta-ble,4,3,suffix_able_ible,/ňąta…™mňĆte…™b…ôl/
tokyo,to-kyo,2,3,other,/ňąto äkiňĆo ä/
tourism,tou-rism,2,3,suffix_ism,/ňąt äňĆ…Ļ…™z…ôm/
tragically,trag-i-cal-ly,4,3,adverb_ically_ally,/ňąt…Ļ√¶d í…™kli/
triumphant,tri-umphant,2,3,other,/t…Ļa…™ňą Ćmf…ônt/
trivia,triv-ia,2,3,vowel_sequence_suffix,/ňąt…Ļ…™vi…ô/
trivial,triv-ial,2,3,other,/ňąt…Ļ…™vi…ôl/
truism,tru-ism,2,3,suffix_ism,/ňąt…Ļuňź…™z…ôm/
turquoise,turquoise,1,2,other,/ňąt…Ěkw…Ē…™z/
tvs,tvs,1,2,other,/ňątiňźňąviňźz/
unadorned,un-adorned,2,3,other,/ňĆ Ćn…ôňąd…Ē…Ļnd/
unctuous,unc-tu-ous,3,2,vowel_sequence_suffix,/ňą ĆŇčt Éw…ôs/
undiscovered,undis-cov-ered,3,4,other,/ňĆ Ćnd…™ňąsk Ćv…öd/
undisturbed,undis-turbed,2,3,other,/ňĆ Ćnd…™ňąst…Ěbd/
unenviable,un-en-vi-able,4,5,suffix_able_ible,/…ôňąn…õnňĆviňź…ôb…ôl/
uninteresting,un-in-ter-est-ing,5,4,other,/…ôňąn…™nt…Ļ…ôst…™Ňč/
unreal,un-re-al,3,2,other,/…ônňą…Ļiňźl/
unrealistic,un-re-al-is-tic,5,4,other,/…ônňĆ…Ļiňźňąl…™st…™k/
unreliable,un-re-li-able,4,5,suffix_able_ible,/ňĆ Ćnr…™ňąla…™…ôbl/
urbanism,ur-ban-ism,3,4,suffix_ism,/ňą…Ěb…ôn…™z…ôm/
urls,urls,1,3,other,/ňąjuňźňą…Ďňą…Ļ…õlz/
usual,usu-al,2,3,other,/ňąjuňź íuňź…ôl/
utopian,u-topi-an,3,4,vowel_sequence_suffix,/juňąto äpi…ôn/
vacuum,vac-u-um,3,2,other,/ňąv√¶kjum/
valedictorian,vale-dic-to-ri-an,5,6,vowel_sequence_suffix,/ňĆv√¶l…ôňĆd…™kňąt…Ē…Ļi…ôn/
variant,vari-ant,2,3,other,/ňąv…õ…Ļi…ônt/
variety,va-ri-ety,3,4,suffix_ity_ety,/v…öňąa…™…ôti/
varying,vary-ing,2,3,other,/ňąv…õ…Ļi…™Ňč/
vegetable,veg-e-ta-ble,4,3,suffix_able_ible,/ňąv…õd ít…ôb…ôl/
venereal,vene-re-al,3,4,other,/v…ôňąn…™…Ļi…ôl/
verifiable,ver-i-fi-able,4,5,suffix_able_ible,/ňąv…õ…Ļ…ôňĆfa…™…ôb…ôl/
vertically,ver-ti-cal-ly,4,3,adverb_ically_ally,/ňąv…Ět…™kli/
veterinary,vet-eri-nary,3,4,other,/ňąv…õt…Ļ…ôňĆn…õ…Ļi/
viable,vi-able,2,3,suffix_able_ible,/ňąva…™…ôb…ôl/
viceroy,viceroy,1,2,other,/ňąva…™s…Ļ…Ē…™/
virtuoso,vir-tu-oso,3,4,other,/v…öt Éuňąo äso ä/
visual,vis-ual,2,3,other,/ňąv…™ í…ôw…ôl/
visualize,vi-su-al-ize,4,3,other,/ňąv…™ íw…ôňĆla…™z/
vitriolic,vit-ri-olic,3,4,other,/ňĆv…™t…Ļiňą…Ďl…™k/
volatile,vo-la-ti-le,4,3,other,/ňąv…Ďl…ôt…ôl/
wholesaler,whole-saler,2,3,other,/ňąho älňĆse…™l…ö/
ws,ws,1,3/4,other,/ňĆd Ćb…ôljňĆuňźňą…õs/
wyoming,wyo-ming,2,3,other,/ňĆwa…™ňąo äm…™Ňč/
xbox,xbox,1,2,other,/ňą…õksňĆb…Ďks/
xenophobia,xe-nop-ho-bia,4,5,vowel_sequence_suffix,/ňĆz…õn…ôňąfo äbi…ô/
yacht,y-acht,2,1,other,/ňąj…Ďt/
yolk,y-olk,2,1,other,/ňąjo äk/
yore,y-ore,2,1,other,/ňąj…Ē…Ļ/
york,y-ork,2,1,other,/ňąj…Ē…Ļk/
yorkshire,y-ork-shire,3,2,other,/ňąj…Ē…Ļk É…ö/
young,y-oung,2,1,other,/ňąj ĆŇč/
youngster,y-oung-ster,3,2,other,/ňąj ĆŇčst…ö/
your,y-our,2,1,other,/ňąj…Ēňź/
yours,y-ours,2,1,other,/ňąj…Ēňźz/
yourself,y-our-self,3,2,other,/j…Ēňźsňą…õlf/
yourselves,y-our-selves,3,2,other,/j ä…Ļsňą…õlvz/
youth,y-outh,2,1,other,/ňąjuňźőł/
youthful,y-outh-ful,3,2,other,/ňąjuňźőłf…ôl/
zoological,zo-o-log-i-cal,5,4,other,/ňĆzuňźňąl…Ďd í…™k…ôl/
