word,syllables,actual_count,cmu_counts,category,phonetic,kaikki_counts,kaikki_ipa,kaikki_decision,kaikki_error
aboveboard,above-board,2,3,other,/əˈbʌvˌbɔɹd/,,,kaikki_no_count,
absenteeism,a-bsen-tee-ism,4,5,suffix_ism,/ˌæbsənˈtiːɪzəm/,,/æb.sənˈtiːˌɪz.m̩/; /ˌæb.sənˈtiˌɪz.m̩/,kaikki_no_count,
academically,a-ca-dem-i-cal-ly,6,5,adverb_ically_ally,/ˌækəˈdɛmɪkli/,,/ˌæk.əˈdɛm.ɪk.ə.li/; /ˌæk.əˈdɛm.ɪk.li/,kaikki_no_count,
accompaniment,ac-com-pa-ni-ment,5,4,other,/əˈkʌmpənɪmənt/,,/əˈkʌm.pə.ni.mənt/; /əˈkʌmp.ni.mənt/,kaikki_no_count,
acoustically,a-cous-ti-cal-ly,5,4,adverb_ically_ally,/əˈkuːstɪkli/,,,kaikki_no_count,
activism,ac-ti-vism,3,4,suffix_ism,/ˈæktɪˌvɪzəm/,,/ˈæk.tɪ.vɪ.zəm/; [ˈæk.tɪ.vɪ.zm̩],kaikki_no_count,
actuary,ac-tu-ary,3,4,other,/ˈæktʃuˈɛˌɹiː/,,/ˈæktʃuˌɛɹi/; /ˈæktjʊəɹi/; /ˈæktʃʊəɹi/; /ˈæktʃəɹi/,kaikki_no_count,
adrian,adri-an,2,3,vowel_sequence_suffix,/ˈeɪdɹiən/,,,kaikki_missing,
aerial,aeri-al,2,3,other,/ˈɛɹiəl/,,/ˈɛəɹiəl/; /ˈɛːɹɪjəl/; /ˈeɹiəl/; /ˈɛɹiəl/; /ˈeə̯ɹiəl/; /ˈiə̯ɹiəl/; /ˈeɾeəl/; /-ɪəl/; /-iəl/; /eɪˈɪəɹɪəl/; /eɪˈɛəɹɪəl/,kaikki_no_count,
aesthetically,aes-thet-i-cal-ly,5,4,adverb_ically_ally,/ɛsˈθɛtɪkli/,,,kaikki_no_count,
aforesaid,afore-said,2,3,other,/əˈfɔɹˌsɛd/,,/əˈfɔɹsɛd/; /əˈfɔːsɛd/,kaikki_no_count,
albeit,al-beit,2,3,other,/ɔlˈbiːɪt/,,/ɔːlˈbiː.ɪt/; /ɔlˈbi.ət/; /ɑlˈbi.ɪt/,kaikki_no_count,
albuquerque,al-bu-querque,3,4,other,/ˈælbəkɚki/,,,kaikki_missing,
alcoholism,al-co-ho-lism,4,5,suffix_ism,/ˈælkəˌhɔˌlɪzəm/,,/ˈælkə(ˌ)hɔˌlɪzəm/; /ˈælkəhɒˌlɪzəm/,kaikki_no_count,
algorithm,al-go-rithm,3,4,other,/ˈælɡɚˌɪðəm/,,/ˈælɡəɹɪðm̩/; [ˈæɫɡəɹɪðm̩]; /ˈalɡəɹɪð(ə)m/,kaikki_no_count,
algorithms,al-go-rithms,3,4,other,/ˈælɡɚˌɪðəmz/,,/ˈæl.ɡə.ɹɪðəmz/; /ˈæl.ɡəɹ.ɹɪ.ðəmz/; /ˈæl.ɡə.ɹɪðmz/; /ˈæl.ɡəɹ.ɹɪðmz/,kaikki_no_count,
alphabetically,al-pha-bet-i-cal-ly,6,5,adverb_ically_ally,/ˌælfəˈbɛtɪkli/,,,kaikki_no_count,
altruism,al-tru-ism,3,4,suffix_ism,/ˈæltɹuˌɪzəm/,,/ˈæl.tɹu.ɪz.əm/,kaikki_no_count,
americanism,a-me-ri-ca-nism,5,6,suffix_ism,/əˈmɛɹɪkəˌnɪzəm/,,,kaikki_missing,
amphibian,am-phib-ian,3,4,vowel_sequence_suffix,/æmˈfɪbiən/,,/æmˈfɪbɪən/,kaikki_no_count,
amphitheater,amp-hit-hea-ter,4,5,other,/ˈæmfəθiˈeɪtɚ/,,,kaikki_no_count,
anachronism,a-nac-hro-nism,4,5,suffix_ism,/əˈnækɹəˌnɪzəm/,,/əˈnæ.kɹə.nɪ.z(ə)m/,kaikki_no_count,
analogue,ana-logue,2,3,other,/ˈænəˌlɔɡ/,,,kaikki_no_count,
annuity,an-nu-ity,3,4,suffix_ity_ety,/ɐnjˈuːtɪ/,,/əˈn(j)uɪti/,kaikki_no_count,
antagonism,an-tag-o-nism,4,5,suffix_ism,/ænˈtæɡəˌnɪzəm/,,/ænˈtæɡənɪzəm/,kaikki_no_count,
antemeridian,an-te-merid-i-an,5,6,vowel_sequence_suffix,/ˌæntəmɛˈɹɪdiən/,,,kaikki_no_count,
anthropomorphism,an-thro-po-mor-phism,5,6,suffix_ism,/ˌænθɹəpəˈmɔɹfɪzəm/,,/ˌænθɹəpəˈmɔɹfɪzəm/,kaikki_no_count,
antibiotic,an-tibi-ot-ic,4,5,other,/ˌæntɪbaɪˈɒtɪk/,,/ˌæn.ti.baɪˈɒt.ɪk/; /ˌæn.taɪ.baɪˈɒt.ɪk/; /ˌæn.taɪ.baɪˈɑ.tɪk/; [ˌɛən.taɪ.baɪˈɑ.ɾɪk]; /ˌæn.tə.baɪˈɑ.tɪk/; [ˌɛən.tə.baɪˈɑ.ɾɪk]; /ˌæn.ti.baɪˈɑ.tɪk/; [ˌɛən.ti.baɪˈɑ.ɾɪk],kaikki_no_count,
anxiety,anx-i-ety,3,4,suffix_ity_ety,/æŋˈzaɪəti/,,/ˌæŋ(ɡ)ˈzaɪ̯ɪti/; [ˌæŋ(ɡ)ˈzaɪ̯ɪtʰɪi̯]; /ˌæŋ(ɡ)ˈzaɪ̯ɪɾi/; [ˌæŋ(ɡ)ˈzaɪ̯ɪɾɪi̯]; /ˌeɪ̯ŋ(ɡ)ˈzaɪ̯ɪti/; [ˌeɪ̯ŋ(ɡ)ˈzaɪ̯ɪtʰɪi̯]; /ˌɛ̃ŋ(ɡ)ˈzaɪ̯ɪti/; [ˌɛ̃ŋ(ɡ)ˈzaɪ̯ɪtʰɪi̯]; /ˌeɪ̯ŋ(ɡ)ˈzaɪ̯ɪɾi/; [ˌeɪ̯ŋ(ɡ)ˈzaɪ̯ɪɾɪi̯]; [ˌɛ̃ŋ(ɡ)ˈzaɪ̯ɪɾɪi̯]; /ˌæŋ(ɡ)ˈzaɪ̯əti/; [ˌæŋ(ɡ)ˈzaɪ̯ətʰɪi̯]; /ˌæŋ(ɡ)ˈzaɪ̯əɾi/; [ˌæŋ(ɡ)ˈzaɪ̯əɾɪi̯]; /ˌeɪ̯ŋ(ɡ)ˈzaɪ̯əti/; [ˌeɪ̯ŋ(ɡ)ˈzaɪ̯ətʰɪi̯]; /ˌɛ̃ŋ(ɡ)ˈzaɪ̯əti/; [ˌɛ̃ŋ(ɡ)ˈzaɪ̯ətʰɪi̯]; /ˌeɪ̯ŋ(ɡ)ˈzaɪ̯əɾi/; [ˌeɪ̯ŋ(ɡ)ˈzaɪ̯əɾɪi̯]; [ˌɛ̃ŋ(ɡ)ˈzaɪ̯əɾɪi̯],kaikki_no_count,
aphorism,ap-ho-rism,3,4,suffix_ism,/ˈæfɚˌɪzəm/,,/ˈæfəɹɪz(ə)m/; /ˈæfəˌɹɪzəm/,kaikki_no_count,
apotheosis,apoth-e-o-sis,4,5,other,/əˌpɑθiˈoʊsəs/,,/əˌpɒθ.iːˈəʊ.sɪs/; /əˌpɑ.θiˈoʊ.sɪs/,kaikki_no_count,
appliances,ap-pli-ances,3,4,other,/ɐplˈaɪənsɪz/,,,kaikki_no_count,
aqueous,aque-ous,2,3,vowel_sequence_suffix,/ˈeɪkwiəs/,,/ˈæ.kwi.əs/; /ˈeɪ.kwi.əs/; /ˈɑ.kwi.əs/; /ˈa.kwi.əs/,kaikki_no_count,
arabian,ara-bi-an,3,4,vowel_sequence_suffix,/əˈɹeɪbiən/,,,kaikki_missing,
archeology,arche-ol-o-gy,4,5,other,/ˌɑɹkiˈɑlədʒi/,,/ˌɑː.kiːˈɒ.lə.d͡ʒi/; /ˌɑɹ.kiˈɑ.lə.d͡ʒi/,kaikki_no_count,
archetypal,ar-che-typ-al,4,3,other,/ˈɑɹkˈtaɪpəl/,,/ˈɑːkɪtaɪpəl/; /ˈɑɹkɪtaɪpəl/,kaikki_no_count,
archived,archived,1,2,other,/ˈɑɹˌkaɪvd/,,,kaikki_no_count,
areas,ar-eas,2,3,other,/ˈɛɹiəz/,,,kaikki_no_count,
argue,argue,1,2,other,/ˈɑɹɡju/,,/ˈɑː.ɡjuː/; /ˈɑɹ.ɡju/,kaikki_no_count,
arthurian,art-hu-rian,3,4,vowel_sequence_suffix,/ɑɹˈθʊɹiən/,,,kaikki_missing,
artistically,ar-tis-ti-cal-ly,5,4,adverb_ically_ally,/ɑɹˈtɪstɪkli/,,/ɑː(ɹ)ˈtɪstɪkli/; /ɑː(ɹ)ˈtɪstɪkəli/,kaikki_no_count,
ashamed,ashamed,1,2,other,/əˈʃeɪmd/,,/əˈʃeɪmd/,kaikki_no_count,
assiduous,as-sid-u-ous,4,3,vowel_sequence_suffix,/əˈsɪdwəs/,,/əˈsɪdjuːəs/; /əˈsɪd͡ʒuːəs/; /əˈsɪd͡ʒu.əs/,kaikki_no_count,
assiduously,as-sid-u-ous-ly,5,4,other,/əˈsɪdwəsli/,,,kaikki_no_count,
astigmatism,as-ti-gma-tism,4,5,suffix_ism,/əˈstɪɡməˌtɪzəm/,,/əˈstɪɡmətɪzm̩/,kaikki_no_count,
atavism,a-ta-vism,3,4,suffix_ism,/ˈætəvɪzəm/,,/ˈætəˌvɪzəm/; [ˈæɾəˌvɪzəm],kaikki_no_count,
atheism,athe-ism,2,3/4,suffix_ism,/ˈeɪθɪˌɪzəm/,,/ˈeɪ.θi.ɪ.zəm/,kaikki_no_count,
atheist,athe-ist,2,3,other,/ˈeɪθiəst/,,/ˈeɪθiɪst/,kaikki_no_count,
athleticism,at-hle-ti-cism,4,5,suffix_ism,/æθˈlɛtɪˌsɪzəm/,,/æθˈlɛtɪsɪzəm/,kaikki_no_count,
attributes,at-tributes,2,3,other,/ˈatɹɪbjˌuːts/,,,kaikki_no_count,
aug,aug,1,2,other,/ˈɔɡəst/,,,kaikki_no_count,
automatically,au-to-mat-i-cal-ly,6,5,adverb_ically_ally,/ˌɒːtəˈmætɪklɪ/,,/ˈɔːtəʊˌmæt.ɪ.k(ə.)li/; /ˈɔːtəˌmæt.ɪ.k(ə.)i/; /ˌɔː.təˈmæt.ɪ.k(ə.)li/; [ˌɔː.ɾəˈmæɾ.ɪ.k(ə.)li]; /ˌɑː.təˈmæt.ɪ.k(ə.)li/; [ˌɑː.ɾəˈmæɾ.ɪ.k(ə.)li],kaikki_no_count,
aviator,avi-a-tor,3,4,other,/ˈeɪviˌeɪtɚ/,,,kaikki_no_count,
awareness,aware-ness,2,3,other,/əˈwɛɹnəs/,,/əˈwɛɚ.nəs/; /əˈwɛə.nəs/; /əˈweː.nəs/; /əˈweə.nəs/; /əˈwiə.nəs/; /əˈweɹ.nəs/; /əˈwɜː(ɹ).nəs/,kaikki_no_count,
awhile,awhile,1,2,other,/əˈwaɪl/,,/əˈwaɪl/; /əˈʍaɪl/,kaikki_no_count,
axiom,ax-iom,2,3,other,/ˈæksiəm/,,/ˈak.sɪ.əm/; /ˈæk.si.əm/; /ˈæk.ʃəm/,kaikki_no_count,
babylonian,baby-lo-ni-an,4,5,vowel_sequence_suffix,/ˌbæbəˈloʊniən/,,,kaikki_missing,
baroque,baroque,1,2,other,/bɚˈoʊk/,,/bæˈɹɒk/; /bəˈɹoʊk/,kaikki_no_count,
basically,ba-si-cal-ly,4,3,adverb_ically_ally,/ˈbeɪsɪkli/,,/ˈbeɪ.sɪk.(ə.)li/; /ˈbeɪ.sɪk.koʊ.li/,kaikki_no_count,
beautifully,beau-ti-ful-ly,4,3,other,/ˈbjuːtəfli/,,/ˈbjuː.tɪ.f(ə.)li/,kaikki_no_count,
beloved,beloved,1,2/3,other,/bɪˈlʌvd/,,/bɪˈlʌvd/; /bɪˈlʌv.ɪd/,kaikki_no_count,
biochemistry,bioc-he-mis-try,4,5,other,/ˌbaɪoʊˈkɛməstɹi/,,/ˌbaɪəʊˈkɛmɪstɹi/,kaikki_no_count,
biologically,bi-o-log-i-cal-ly,6,5,adverb_ically_ally,/baɪəˈlɑdʒɪkli/,,,kaikki_no_count,
biotechnology,bio-tec-hno-lo-gy,5,6,other,/ˌbaɪoʊˌtɛkˈnɑlədʒi/,,/ˈbaɪəʊˌtɛk.nɒl.əʊ.dʒi/,kaikki_no_count,
blvd,blvd,1,3,other,/ˈbʊləˌvɑɹd/,,,kaikki_no_count,
bmw,bmw,1,5,other,/ˈbiːˌɛmˈdʌbəlju/,,,kaikki_missing,
bohemian,bo-hemi-an,3,4,vowel_sequence_suffix,/boʊˈhiːmiən/,,/boʊˈhimi.ən/,kaikki_no_count,
boolean,bool-ean,2,3,other,/buˈliːən/,,,kaikki_no_count,
bracelet,bracelet,1,2,other,/ˈbɹeɪslət/,,/ˈbɹeɪslət/; /ˈbɹeɪslɪt/,kaikki_no_count,
bracelets,bracelets,1,2,other,/ˈbɹeɪslɪts/,,,kaikki_no_count,
brochures,brochures,1,2,other,/bɹoʊˈʃʊɹz/,,,kaikki_no_count,
bryan,bryan,1,2,other,/ˈbɹaɪən/,,,kaikki_missing,
bryant,bryant,1,2,other,/ˈbɹaɪənt/,,,kaikki_missing,
buddhism,bud-dhism,2,3,suffix_ism,/ˈbuːdɪzəm/,,,kaikki_missing,
bulgaria,bul-gar-ia,3,4,vowel_sequence_suffix,/bəlˈɡɛɹiə/,,,kaikki_missing,
californian,cal-i-for-ni-an,5,4,vowel_sequence_suffix,/ˌkælɪˈfɔɹnjən/,,,kaikki_missing,
canadian,cana-di-an,3,4,vowel_sequence_suffix,/kəˈneɪdiən/,,,kaikki_missing,
cannibalism,can-ni-bal-ism,4,5,suffix_ism,/ˈkænəbəˌlɪzəm/,,/ˈkanɪbəlɪz(ə)m/,kaikki_no_count,
capitalism,cap-i-tal-ism,4,5,suffix_ism,/ˈkæpɪtəˌlɪzəm/,,/ˈkapɪt(ə)lɪz(ə)m/; /kəˈpɪt(ə)lɪz(ə)m/; /ˈkæp.ə.təlˌɪzm̩/; /-ˌɪz.əm/; /ˌkæp.təl-/,kaikki_no_count,
cataclysm,cat-a-clysm,3,4,other,/ˈkætəˌklɪsəm/,,/ˈkætəˌklɪzm̩/,kaikki_no_count,
catechism,cat-e-chism,3,4,suffix_ism,/ˈkætəˌkɪzəm/,,/ˈkætɪˌkɪzəm/,kaikki_no_count,
categorically,cat-e-gor-i-cal-ly,6,5,adverb_ically_ally,/ˌkatɪɡˈɒɹɪklɪ/,,/kæt.əˈɡɒ.ɹɪk.(ə.)li/,kaikki_no_count,
catholic,catholic,1,2,other,/ˈkæθlɪk/,,/ˈkæ.θ(ə.)lɪk/; /ˈkɑː.θ(ə.)lɪk/,kaikki_no_count,
catholicism,cat-ho-li-cism,4,5,suffix_ism,/kəˈθɔləˌsɪzəm/,,/kəˈθɔləsɪzm/,kaikki_no_count,
cds,cds,1,2,other,/ˌsiːˈdiːz/,,,kaikki_missing,
celsius,cel-sius,2,3,other,/ˈsɛlsiəs/,,,kaikki_no_count,
cenozoic,ce-no-zoic,3,4,other,/ˌsiːnəˈzoʊɪk/,,,kaikki_missing,
certificates,cer-tifi-cates,3,4,other,/sɚˈtɪfɪkəts/,,,kaikki_no_count,
championship,cham-pi-onship,3,4,other,/ˈtʃæmpiənˌʃɪp/,,/ˈtʃæm.pi.ən.ʃɪp/,kaikki_no_count,
championships,cham-pi-onships,3,4,other,/ˈtʃæmpiənˌʃɪps/,,/ˈt͡ʃæmpi.ənʃɪps/,kaikki_no_count,
chaos,chaos,1,2,other,/ˈkeɪɑs/,,/ˈkeɪɒs/; /ˈkeɪˌɑs/; /ˈkæɪ.ɔs/; [ˈkæɪ.ɔ̟s]; /ˈkeɔs/,kaikki_no_count,
chaotic,chaot-ic,2,3,other,/keɪˈɑtɪk/,,/keɪˈɒtɪk/; /keɪˈɑtɪk/; [keɪˈɑɾɪk]; [keɪˈɒɾɪk]; /kæɪˈɔtɪk/; [kæɪˈɔɾɪk]; /kæɪˈɒtək/; [kæɪˈɔ̟ɾək],kaikki_no_count,
chasm,chasm,1,2,other,/ˈkæzəm/,,/ˈkæzəm/; /t͡ʃæzəm/,kaikki_no_count,
chauvinism,chau-vin-ism,3,4,suffix_ism,/ˈʃoʊvəˌnɪzəm/,,/ˈʃəʊ.vɪ.nɪ.zəm/; /ˈʃoʊ.vɪˌnɪzəm/; /ˈʃəʊ.və.nɪ.zəm/,kaikki_no_count,
chemically,chem-i-cal-ly,4,3,adverb_ically_ally,/ˈkɛməkli/,,/ˈkɛm.ɪ.kli/,kaikki_no_count,
choir,choir,1,2,other,/ˈkwaɪɚ/,,/kwaɪə(ɹ)/; /kwɑə(ɹ)~ kwɑː(ɹ)/; /kwaɪɚ/; /kʰwajr/; /kʰɔjr/,kaikki_no_count,
choreograph,chore-o-graph,3,4,other,/ˈkɔɹiəˌɡɹæf/,,/ˈkɒɹiəɡɹɑːf/; /ˈkɒɹiəɡɹæf/; /ˈkɔɹjəɡɹæf/,kaikki_no_count,
choreographer,chore-og-ra-pher,4,5,other,/ˌkɔɹiˈɑɡɹəfɚ/,,,kaikki_no_count,
choreography,chore-og-ra-phy,4,5,other,/ˌkɔɹiˈɑɡɹəfi/,,/ˌkɔɹiˈɑɡɹəfi/; /ˌkɒɹiˈɒɡɹəfi/,kaikki_no_count,
circumference,cir-cum-fer-ence,4,3,other,/ˌsɝˈkʌmfɹəns/,,/sɜːˈkʌmfɹəns/; /səˈkʌmfɹəns/; /sɚˈkʌmfɹəns/; /səˈkamfɹəns/,kaikki_no_count,
classicism,clas-si-cism,3,4,suffix_ism,/ˈklæsɪˌsɪzəm/,,,kaikki_no_count,
cnet,cnet,1,2,other,/ˈsiːˌnɛt/,,,kaikki_missing,
colonel,colonel,1,2,other,/ˈkɝnəl/,,/ˈkɜː.nl̩/; [ˈkɜː.nl̩]; /ˈkɝ.nl̩/; [ˈkɝ.nl̩],kaikki_no_count,
colorfully,col-or-ful-ly,4,3,other,/ˈkʌlɚfli/,,,kaikki_no_count,
colosseum,colos-se-um,3,4,other,/ˌkɑləˈsiːəm/,,/ˌkɒ.ləˈsiː.əm/,kaikki_no_count,
communism,com-mu-nism,3,4,suffix_ism,/ˈkɑmjəˌnɪzəm/,,[ˈkɒm.ju.nɪ.zm̩]; [ˈkɑ.mju.nɪ.zm̩]; [ˈkɑ.mjə.nɪ.zm̩]; [ˈkɔm.jə.nɪ.zm̩],kaikki_no_count,
compendium,com-pen-dium,3,4,vowel_sequence_suffix,/kəmˈpɛndiəm/,,/kəmˈpɛn.di.əm/,kaikki_no_count,
conferencing,con-fer-enc-ing,4,3,other,/ˈkɑnfɹənsɪŋ/,,,kaikki_no_count,
conservatism,con-ser-va-tism,4,5,suffix_ism,/kənˈsɝvəˌtɪzəm/,,/kənˈsɜːvətɪzəm/; /kənˈsɝvətɪzəm/; /kənˈsøːvətəzəm/,kaikki_no_count,
constituency,cons-ti-tuen-cy,4,5,other,/kənˈstɪtʃuənsi/,,/kənˈstɪt͡ʃu.ənsi/; /kənˈstɪtju.ənsi/,kaikki_no_count,
constituent,cons-ti-tuent,3,4,other,/kənˈstɪtʃuənt/,,/kənˈstɪtjuənt/; /kənˈstɪt͡ʃuənt/,kaikki_no_count,
contemptuously,con-temp-tu-ous-ly,5,4,other,/kənˈtɛmptʃwəsli/,,/kənˈtɛmp.tʃu.əs.li/; /kənˈtɛmp.tju.əs.li/; /kənˈtɛmp.t͡ʃu.əs.li/,kaikki_no_count,
continuity,con-ti-nu-ity,4,5,suffix_ity_ety,/ˌkɑntəˈnuːəti/,,/ˌkɒn.tɪˈnjuː.ɪ.ti/; /ˌkɑn.tɪˈn(j)u.ə.ti/; [ˌkɑn.tɪˈn(j)u.ə.ɾi]; [ˌkɑn.tn̩ˈ(j)u.ə.ɾi]; [ˌkɑn.ʔn̩ˈ(j)u.ə.ɾi]; /ˌkɒn.tɪˈnɪu̯.ɪ.ti/,kaikki_no_count,
copying,copy-ing,2,3,other,/ˈkɑpiɪŋ/,,/ˈkɑpiɪŋ/; /ˈkɒpiɪŋ/,kaikki_no_count,
courier,couri-er,2,3,other,/ˈkɝiɚ/,,/ˈkʊ.ɹi.ə/; /ˈkʊɹ.i.ɚ/; /ˈkɝ.i.ɚ/; /ˈkʉː.ɹi.əɹ/; /ˈkɵrɪjə(r)/; /ˈkʊrɪjə(r)/,kaikki_no_count,
creativity,cre-ativ-i-ty,4,5,suffix_ity_ety,/ˌkɹiːeɪˈtɪvəti/,,/kri.eɪˈtɪv.ᵻ.ti/; /kri.əˈtɪv.ᵻ.ti/; [-ɾi],kaikki_no_count,
creator,cre-ator,2,3,other,/kɹiˈeɪtɚ/,,/kɹiːˈeɪ̯təː/; [kʰɹʷɪi̯ˈeɪ̯tʰəː]; /kɹiːˈæ̝ɪ̯təː/; [kʰɹʷɪi̯ˈæ̝ɪ̯tʰəː]; /kɹiːˈæ̝ɪ̯ɾəː/; [kʰɹʷɪi̯ˈæ̝ɪ̯ɾəː]; /kɹiˈeɪtɚ/; [kʰɹʷɪi̯ˈeɪ̯tʰɚ] ~ [kʰɹʷɪi̯ˈeɪ̯tʰɹ̩]; /kɹiˈeɪɾɚ/; [kʰɹʷɪi̯ˈeɪ̯ɾɚ] ~ [kʰɹʷɪi̯ˈeɪ̯ɾɹ̩],kaikki_no_count,
criticism,crit-i-cism,3,4,suffix_ism,/ˈkɹɪtɪˌsɪzəm/,,/ˈkɹɪtɪsɪzm̩/,kaikki_no_count,
croatia,croat-ia,2,3,vowel_sequence_suffix,/kɹoʊˈeɪʃə/,,,kaikki_missing,
cronyism,crony-ism,2,4,suffix_ism,/ˈkɹoʊniˌɪzəm/,,/ˈkɹəʊnɪɪz(ə)m/; /ˈkɹoʊniˌɪzəm/,kaikki_no_count,
cubism,cu-bism,2,3,suffix_ism,/ˈkjuːbɪzəm/,,/ˈkjuː.bɪz.əm/,kaikki_no_count,
cuneiform,cu-nei-form,3,4,other,/ˈkjuːniəˌfɔɹm/,,/ˈkjuː.nɪ.fɔːm/; /ˈkjuː.ni.ɪ.fɔːm/; /kjʊˈneɪ.ɪ.fɔːm/; /kjuˈni.ə.fɔɹm/; /ˈkju.nɪ.fɔɹm/; /kjuˈneɪ.ɪ.fɔɹm/,kaikki_no_count,
cyan,cyan,1,2,other,/saɪˈæn/,,/ˈsaɪˌæn/; /ˈsaɪ.ən/; /saɪˈæn/; /sʌɪˈæn/; [ˈsəjan]; [səjˈan],kaikki_no_count,
cynicism,cyn-i-cism,3,4,suffix_ism,/ˈsɪnɪˌsɪzəm/,,/ˈsɪn.ɪˌsɪzəm/,kaikki_no_count,
darwinism,dar-win-ism,3,4,suffix_ism,/ˈdɑɹwɪˌnɪzəm/,,,kaikki_no_count,
decades,decades,1,2,other,/ˈdekeɪdz/,,/ˈdɛkeɪdz/,kaikki_no_count,
decorative,dec-o-ra-tive,4,3,other,/ˈdɛkɹətɪv/,,/ˈdɛk.ə.ɹə.tɪv/; /ˈdɛk.ɹə.tɪv/; [ˈdɛk.ə.ɹə.ɾɪv]; [ˈdɛk.ɹə.ɾɪv]; /ˈdek.ə.ɹə.tɪv/,kaikki_no_count,
definitively,de-fi-ni-ti-ve-ly,6,5,other,/dɪˈfɪnɪtɪvli/,,/dɪˈfɪnɪtɪvli/,kaikki_no_count,
deify,de-ify,2,3,other,/ˈdiːəˌfaɪ/,,/ˈdeɪ.ɪ.faɪ/; /ˈdiː.ɪ.faɪ/; /ˈdiː.ə.faɪ/; /ˈdeɪ.ə.faɪ/,kaikki_no_count,
deist,deist,1,2,other,/ˈdiːɪst/,,/ˈdeɪ.ɪst/; /ˈdiː.ɪst/,kaikki_no_count,
deity,de-ity,2,3,suffix_ity_ety,/ˈdiːəti/,,/ˈdiː.ɪ.ti/; /ˈdeɪ.ɪ.ti/; [ˈdeɪ̯-]; /ˈdi.ə.ti/; [ˈdi.ə.ɾi]; /ˈdeɪ.ə.ti/; [ˈdeɪ̯.ə.ɾi]; /ˈɖɛj(ɪ)ʈi/; [ˈdeː.ɪɾi]; [ˈdiː-]; [-tɪ]; [ˈdɪjɪɾɪj]; [ˈdæjɪɾɪj]; [-tɪj],kaikki_no_count,
delirium,delir-i-um,3,4,vowel_sequence_suffix,/dɪˈlɪɹiəm/,,/dɪˈlɪ.ɹi.əm/; /dɪˈlɪɹ.i.əm/,kaikki_no_count,
demographically,de-mo-graph-i-cal-ly,6,5,adverb_ically_ally,/ˌdɛməˈɡɹæfɪkli/,,/dɛməˈɡɹæfɪkli/,kaikki_no_count,
demonstrates,demon-strates,2,3,other,/ˈdɛmənˌstɹeɪts/,,,kaikki_no_count,
despotism,des-po-tism,3,4,suffix_ism,/ˈdɛspəˌtɪzəm/,,/ˈdɛspətɪzəm/,kaikki_no_count,
devour,de-vour,2,3,other,/dɪˈvaʊɚ/,,/dɪˈvaʊə(ɹ)/; /dɪˈvaʊɚ/,kaikki_no_count,
diabetes,di-a-betes,3,4,other,/ˌdaɪəˈbiːtiz/,,/ˌdaɪəˈbiːtiːz/; /ˌdaɪəˈbiːtɪs/; /ˌdaɪəˈbitiz/; [ˌdaɪəˈbiɾiz]; /ˌdaɪəˈbitɪs/; [ˌdaɪəˈbiɾɪs]; /ˌdɑɪəˈbiːtiːz/; /dajaˈbitis/,kaikki_no_count,
dialect,di-alect,2,3,other,/ˈdaɪəˌlɛkt/,,/ˈdaɪ.əˌlɛkt/,kaikki_no_count,
diamond,di-a-mond,3,2,other,/ˈdaɪmənd/,2,/ˈdaɪ.ə.mənd/; /ˈdaɪ.mənd/,kaikki_confirms_cmu_mismatch,
diamonds,di-a-monds,3,2,other,/ˈdaɪməndz/,,/ˈdaɪ(ə)məndz/,kaikki_no_count,
diana,di-ana,2,3,other,/daɪˈænə/,,,kaikki_missing,
diaphanous,diap-ha-nous,3,4,other,/daɪˈæfənɪs/,,/daɪˈæf.ən.əs/,kaikki_no_count,
diatomic,di-atom-ic,3,4,other,/ˌdaɪəˈtɑmɪk/,,/daɪəˈtɒmɪk/,kaikki_no_count,
discontinuity,dis-con-ti-nu-ity,5,6,suffix_ity_ety,/dɪˌskɑntɪˈnuːɪti/,,/ˌdɪs.kɒn.tɪˈnjuː.ɪ.ti/; /ˌdɪs.kɑn.tɪˈnu.ɪ.ti/; [ˌdɪs.kɑn.tɪˈnu.ɪ.ɾi]; /ˌdɪs.kɒn.tɪˈnu.ɪ.ti/; /ˌdɪs.kɔn.tɪˈnjʉː.ɪ.ti/,kaikki_no_count,
disheveled,di-sheveled,2,3,other,/dɪˈʃɛvəld/,,,kaikki_no_count,
disinterested,dis-in-ter-est-ed,5,4,other,/ˌdɪsˈɪntɹɛstɪd/,,/(ˌ)dɪsˈɪntɹɪstɪd/; /(ˌ)dɪsˈɪnt(ə)ɹɛstɪd/; /dɪsˈɪnt(ə)ɹəstəd/; /-ɾ(ə)ɹ-/,kaikki_no_count,
disobedient,dis-obe-di-ent,4,5,other,/dɪsəʊbˈiːdɪənt/,,/dɪs.əˈbiː.dɪənt/,kaikki_no_count,
disorient,dis-ori-ent,3,4,other,/dɪˈsɔɹiˌɛnt/,,/dɪsˈɔːɹi.ənt/,kaikki_no_count,
docile,docile,1,2,other,/ˈdɑsəl/,,/ˈdəʊ.saɪl/; /ˈdɑ.səl/; /ˈdɑ.saɪl/,kaikki_no_count,
domestically,do-mes-ti-cal-ly,5,4,adverb_ically_ally,/dəˈmɛstɪkli/,,,kaikki_no_count,
drastically,dras-ti-cal-ly,4,3,adverb_ically_ally,/ˈdɹæstɪkli/,,,kaikki_no_count,
drawer,draw-er,2,1,other,/ˈdɹɔɹ/,,/dɹɔː(ɹ)/; /dɹɔɹ/; /ˈdɹɔː.ə(ɹ)/; /ˈdɹɔːɹə(ɹ)/; /ˈdɹɔ.ɚ/; /ˈdɹɔɹɚ/; /ˈdɹɑ.ɚ/,kaikki_no_count,
duet,duet,1,2,other,/djuːˈɛt/,,/djuˈɛt/; /duˈɛt/,kaikki_no_count,
duo,duo,1,2,other,/ˈduːoʊ/,,/ˈdjuː.əʊ/; /ˈd͡ʒuː.əʊ/; /ˈdu.oʊ/; /ˈdju.oʊ/,kaikki_no_count,
dvds,dvds,1,3,other,/ˌdiːˌviːˈdiːz/,,,kaikki_missing,
dwarfism,dwar-fism,2,3,suffix_ism,/ˈdwɔɹfɪzəm/,,/ˈdwɔɹfɪzəm/; /ˈdwɔːfɪzəm/,kaikki_no_count,
dynamically,dy-nam-i-cal-ly,5,4,adverb_ically_ally,/daɪˈnæmɪˌkliː/,,,kaikki_no_count,
easygoing,easy-go-ing,3,4,other,/ˈiːziˈɡoʊɪŋ/,,,kaikki_no_count,
economically,e-co-nom-i-cal-ly,6,5,adverb_ically_ally,/iːkəˈnɔmɪkəlɪ/,,/ˌiː.kəˈnɒm.ɪ.kli/; /ˌɛk.əˈnɒm.ɪ.kli/; /ˌɛk.əˈnɑ.mɪ.kli/; /ˌi.kəˈnɑ.mɪ.kli/; /ˌek.əˈnɔm.ɪ.kli/; /ˌiː.kəˈnɔm.ɪ.kli/,kaikki_no_count,
ecstatically,ec-stat-i-cal-ly,5,4,adverb_ically_ally,/ɛkˈstætɪkli/,,,kaikki_no_count,
edinburgh,ed-in-burgh,3,4,other,/ˈɛdənbɚoʊ/,,,kaikki_missing,
egoism,e-go-ism,3,4,suffix_ism,/ˈiːɡoʊˌɪzəm/,,/ˈi.ɡoʊˌɪ.zəm/,kaikki_no_count,
egotism,e-go-tism,3,4,suffix_ism,/ˈiːɡəˌtɪzəm/,,,kaikki_no_count,
elaborately,e-lab-o-rate-ly,5,4,other,/ɪˈlæbɹətli/,,,kaikki_no_count,
elysium,ely-si-um,3,4,vowel_sequence_suffix,/ɪˈlɪziəm/,,,kaikki_missing,
emaciated,ema-ci-at-ed,4,5,other,/ɪˈmeɪʃiˌeɪtɪd/,,/əˈmeɪ.ʃi.eɪ.tɪd/; /-ˈmeɪ.si-/; /ɪˈmeɪ.siˌeɪ.tɪd/; /ə-/; /i-/; /-meɪ.ʃi-/,kaikki_no_count,
embolism,em-bo-lism,3,4,suffix_ism,/ˈɛmboʊˌlɪzəm/,,/ˈɛmbəlɪzəm/; [ˈɛmbɫ̩ɪzm̩],kaikki_no_count,
embryo,em-bryo,2,3,other,/ˈɛmbɹiˌoʊ/,,/ˈɛmbɹi.əʊ/; /ˈɛmbɹi.oʊ/,kaikki_no_count,
emirates,emi-rates,2,3,other,/əˈmɪrets/,,,kaikki_no_count,
emotionally,e-mo-tion-al-ly,5,4,adverb_ically_ally,/ɪmˈəʊʃənəlɪ/,,/ɪˈməʊʃənəli/; /ɪˈməʊʃənli/; /ɪˈmoʊʃənəli/; /iˈmoʊʃənəli/,kaikki_no_count,
empiricism,em-pi-ri-cism,4,5,suffix_ism,/ɛmˈpɪɹəˌsɪzəm/,,,kaikki_no_count,
emulsifier,emul-si-fi-er,4,5,other,/ɪˈmʌlsəˌfaɪɚ/,,/ˈɪi.mʌl.sɪf.aɪ.ə(ɹ)/; /əˈmʌl.sɪf.aɪ.ə(ɹ)/,kaikki_no_count,
encomium,en-comi-um,3,4,vowel_sequence_suffix,/ɛnˈkɔˌmɪəm/,,/ɛŋˈkəʊ.mɪ.əm/; /ɛnˈkoʊ.mɪ.əm/; /ɪnˈkoʊ.mɪ.əm/,kaikki_no_count,
energetically,en-er-get-i-cal-ly,6,5,adverb_ically_ally,/ˌɛnɚˈdʒɛtɪkli/,,,kaikki_no_count,
enthusiasm,en-thu-si-asm,4,5,other,/ɪnˈθuːziˌæzəm/,,/ɪnˈθuziæzəm/; /ɪnˈθjuːziæzm̩/; /-θɪu̯-/; /ɛn-/,kaikki_no_count,
enthusiastically,en-thu-si-as-ti-cal-ly,7,6,adverb_ically_ally,/ɪnˌθuːziˈæstɪkli/,,,kaikki_no_count,
entrepreneurial,en-tre-pre-neur-ial,5,6,other,/ˌɑntɹəpɹəˈnɝiəl/,,/ˌɒn.tɹə.pɹəˈnɜː.ɹi.əl/; /ˌɑn.tɹə.pɹəˈnɝ.i.əl/; /ˌɑn.tɹə.pɹəˈnʊɹ.i.əl/; /ˌɒn.tɹə.pɹəˈnɝ.i.əl/; /ˌɔn.tɹə.pɹəˈnɜː.ɹi.əl/,kaikki_no_count,
enviable,en-vi-able,3,4,suffix_able_ible,/ˈɛnviəbəl/,,/ˈɛn.vi.ə.bl̩/; /ˈɛn.vɪ.ə.b(ə)l/,kaikki_no_count,
eohippus,eo-hip-pus,3,4,other,/ˌiːoʊˈhɪpəs/,,/ˈiːəʊˌhɪpəs/,kaikki_no_count,
eon,eon,1,2,other,/ˈiːɒn/,,/ˈi.ɑn/; /ˈeɪ.ɑn/; /ˈiː.ɔn/; /ˈeɪ.ɔn/; /ˈiː.ən/,kaikki_no_count,
eos,eos,1,2,other,/ˈiːɑs/,,,kaikki_missing,
epilogue,epi-logue,2,3,other,/ˈɛpəˌlɔɡ/,,/ˈɛp.ɪ.lɒɡ/; /ˈɛpɪlɔɡ/; /ˈɛpɪlɑɡ/,kaikki_no_count,
episodes,e-pi-so-des,4,3,other,/ˈɛpɪsˌəʊdz/,,,kaikki_no_count,
etc,etc,1,4,other,/ˌɛtˈsɛtɚə/,,/ˌɛt ˈsɛt(ə)ɹə/,kaikki_no_count,
ethereal,ethe-re-al,3,4,other,/ɪˈθɪɹiəl/,,/ɪˈθɪə.ɹɪ.əl/; /ɪˈθɪɚ.i.əl/; /iˈθɪɚ.i.əl/; /iˈθɪə̯.ri.əl/; /əˈθɪə̯.ri.əl/,kaikki_no_count,
ethiopia,et-hio-pia,3,5,vowel_sequence_suffix,/ˌiːθiˈoʊpiə/,,,kaikki_missing,
euphony,e-u-pho-ny,4,3,other,/ˈjuːfəni/,,/ˈjuːfəni/,kaikki_no_count,
evening,evening,1,2,other,/ˈiːvnɪŋ/,,/ˈiːv.nɪŋ/; /ˈiv.nɪŋ/; /ˈiːvənɪŋ/,kaikki_no_count,
eventual,even-tu-al,3,4,other,/ɪvˈɛntʃuːəl/,,/ɪˈvɛn.(t)ʃʊ.əl/; /ɪˈvɛn.(t)ʃ.əl/; /ə-/; /ɪˈvɛn.t͡ʃu.əl/; /ɪˈvɛn.t͡ʃəl/,kaikki_no_count,
eventuality,even-tu-al-i-ty,5,6,suffix_ity_ety,/ɪˌventʃuˈælɪtɪ/,,/ɪˌvɛntjuˈælɪti/; /ɪˌvɛnt͡ʃuˈælɪti/,kaikki_no_count,
excellency,ex-cel-len-cy,4,3,other,/ˈɛkˈslɛnsi/,,/ˈɛk.sə.lən.si/,kaikki_no_count,
exorcism,ex-or-cism,3,4,suffix_ism,/ˈɛksɚˌsɪzəm/,,/ˈɛk.sɔː.sɪ.zəm/; /ˈɛk.sɔɹˌsɪ.zəm/; /ˈɛk.sɚˌsɪ.zəm/,kaikki_no_count,
experiences,ex-pe-ri-ences,4,5,other,/ɪkˈspɪɹiənsɪz/,,/ɪkˈspɪɹ.i.ən.sɪz/; /ɪkˈspɪə.ɹɪən.sɪz/,kaikki_no_count,
facelift,facelift,1,2,other,/ˈfeɪˌslɪft/,,/ˈfeɪsˌlɪft/,kaikki_no_count,
facile,facile,1,2,other,/ˈfæsəl/,,/ˈfæs.aɪl/; /ˈfæs.əl/; [ˈfæs.ɫ̩]; /ˈfä.sʌɪl/,kaikki_no_count,
fanaticism,fa-na-ti-cism,4,5,suffix_ism,/fəˈnætəˌsɪzəm/,5,/fəˈnæt.ɪ.sɪ.zəm/; /fəˈnæɾ.ɪ.sɪ.zm̩/,kaikki_confirms_cmu_mismatch,
fancier,fanci-er,2,3,other,/ˈfænsiɚ/,,,kaikki_no_count,
farewell,farewell,1,2,other,/ˌfɛɹˈwɛl/,,/fɛəˈwɛl/; /fɛɹˈwɛl/; /feːˈwel/; /ˈfeəˈwel/; /ˈfiəˈwel/; /ˈfeɹˈwɛl/; /ˈfɜː(ɹ)ˈwɛl/; /fɑːɹˈwɛl/; /fæɹˈwɛl/,kaikki_no_count,
fascism,fas-cism,2,3,suffix_ism,/ˈfæˌʃɪzəm/,,/ˈfæʃɪz(ə)m/; /faˈsiz(ə)m/; /faˈsis(ə)m/,kaikki_no_count,
fatalism,fa-tal-ism,3,4,suffix_ism,/ˈfeɪtəˌlɪzəm/,,,kaikki_no_count,
favoritism,fa-vo-ri-tism,4,5,suffix_ism,/ˈfeɪvɚɪˌtɪzəm/,,,kaikki_no_count,
feb,feb,1,4,other,/ˈfɛbjəˌwɛɹi/,,,kaikki_missing,
february,feb-ru-ary,3,4,other,/ˈfɛbɹuːəɹɪ/,,,kaikki_missing,
feminism,fem-i-nism,3,4,suffix_ism,/ˈfɛmɪˌnɪzəm/,,/ˈfɛmɪnɪz(ə)m/,kaikki_no_count,
feudalism,feu-dal-ism,3,4,suffix_ism,/ˈfjuːdəˌlɪzəm/,,/ˈfju.də.lɪ.zəm/; [ˈfju.də.lɪ.zm̩],kaikki_no_count,
filial,fil-ial,2,3,other,/ˈfɪliəl/,,/ˈfɪl.i.əl/; /ˈfɪl.jəl/; /ˈfi.li.əl/,kaikki_no_count,
flickr,flickr,1,2,other,/ˈflɪkɚ/,,,kaikki_missing,
fluorescent,flu-o-res-cent,4,3,other,/flʊəɹˈɛsənt/,,/ˌflʊəˈɹɛsənt/; /flɔˈɹɛsənt/,kaikki_no_count,
forego,forego,1,2,other,/fɔɹˈɡoʊ/,,/fɔɹˈɡoʊ/; /fɔːˈɡəʊ/,kaikki_no_count,
foreseeable,fore-see-able,3,4,suffix_able_ible,/fɔɹˈsiːəbəl/,,,kaikki_no_count,
fortuitous,for-tu-itous,3,4,other,/fɔɹˈtuːɪtəs/,,/fɔːˈtjuː.ɪ.təs/; /fɔːˈt͡ʃuː.ɪ.təs/; /foɹˈt͡ʃu.ɪ.tɪs/; /foɹˈtu.ɪ.tɪs/; /-.ə.-/; /-ɾəs/; /foːˈt͡ʃʉː.ɘ.tɘs/; /fɘˈt͡ʃʉː.ɘ.tɘs/; /-tjʉː.ɘ.tɘs/,kaikki_no_count,
freudian,freudi-an,2,3,vowel_sequence_suffix,/ˈfɹuːdiən/,,,kaikki_no_count,
fs,fs,1,0/2,other,/ˌɛfˈɛs/,,,kaikki_no_count,
gazelle,gazelle,1,2,other,/ɡəˈzɛl/,,/ɡəˈzɛl/,kaikki_no_count,
genetically,ge-net-i-cal-ly,5,4,adverb_ically_ally,/dʒəˈnɛtɪkli/,,/d͡ʒəˈneɾɪkli/,kaikki_no_count,
geometrically,ge-o-met-ri-cal-ly,6,5,adverb_ically_ally,/ˌdʒiːəˈmɛtɹɪkli/,,,kaikki_no_count,
graphically,graph-i-cal-ly,4,3,adverb_ically_ally,/ˈɡɹæfɪkli/,,,kaikki_no_count,
gratuitous,gra-tu-itous,3,4,other,/ɡɹəˈtuːətəs/,,/ɡɹəˈtjuː.ɪt.əs/; /ɡɹəˈtu.ɪt.əs/,kaikki_no_count,
gratuity,gra-tu-ity,3,4,suffix_ity_ety,/ɡɹəˈtuːɪti/,,/ɡɹəˈtjuːətɪ/; /ɡɹəˈtuːətɪ/,kaikki_no_count,
gravitationally,grav-i-ta-tion-al-ly,6,5,adverb_ically_ally,/ˌɡɹævəˈteɪʃnəli/,,,kaikki_no_count,
grotesque,grotesque,1,2,other,/ɡɹoʊˈtɛsk/,,/ɡɹəʊˈtɛsk/; /ɡɹoʊˈtɛsk/,kaikki_no_count,
hawaiian,hawai-ian,2,3,vowel_sequence_suffix,/həˈwaɪən/,,,kaikki_missing,
hedonism,he-do-nism,3,4,suffix_ism,/ˈhiːdəˌnɪzəm/,,/ˈhɛdənɪzəm/; /ˈhiːdənɪzəm/,kaikki_no_count,
herbarium,herbar-i-um,3,4,vowel_sequence_suffix,/hɜːbˈeəɹɪəm/,,/hɜːˈbɛəɹi.əm/; /(h)ɝˈbɛɹi.əm/,kaikki_no_count,
heroic,hero-ic,2,3,other,/hɪˈɹoʊɪk/,,/hɪˈɹəʊ.ɪk/; /hɪˈɹoʊ.ɪk/,kaikki_no_count,
heroin,hero-in,2,3,other,/ˈhɛɹoʊən/,,/ˈhɛɹoʊ.ɪn/; /hɛəɹoʊ.ɪn/,kaikki_no_count,
heroism,hero-ism,2,4,suffix_ism,/ˈhɛɹoʊˌɪzəm/,,/ˈhɛɹəʊɪzəm/; /ˈhɛɹoʊɪzəm/; /ˈhiɹoʊɪzəm/,kaikki_no_count,
heterogeneity,he-te-ro-ge-nei-ty,6,7,suffix_ity_ety,/ˈhɛtɹədʒˌɛneɪtɪ/,,,kaikki_no_count,
hierarchical,hi-er-ar-chi-cal,5,4,other,/ˌhaɪˈɹɑɹkəkəl/,,/ˌhaɪəˈɹɑːkɪkəl/; /ˌhaɪˈɹɑɹkɪkəl/; /ˌhɑɪˈɹɐːkɪkəl/; /ˌhɑɪˈɹaːkɪkəl/,kaikki_no_count,
histrionic,histri-on-ic,3,4,other,/ˌhɪstɹiˈɑnɪk/,,/hɪstɹiːˈɒnɪk/; /ˌhɪs.triˈɑ.nɪk/,kaikki_no_count,
hmm,hmm,1,0,other,/hm/,,/hm̩/; [m̥m̩˦˨],kaikki_no_count,
homogeneity,ho-mo-ge-nei-ty,5,6,suffix_ity_ety,/ˌhɑmədʒəˈniːəti/,,/ˌhɒm.ə(ʊ).d͡ʒəˈniː.ə.ti/; /ˌhəʊ.mə(ʊ).d͡ʒəˈniː.ə.ti/; /ˌhɒm.ə(ʊ).d͡ʒəˈneɪ.ə.ti/; /ˌhəʊ.mə(ʊ).d͡ʒəˈneɪ.ə.ti/; /ˌhoʊ.mə.d͡ʒəˈniː.ə.ti/; /ˌhɑ.mə.d͡ʒəˈniː.ə.ti/; /ˌhoʊ.mə.d͡ʒəˈneɪ.ə.ti/; /ˌhɑ.mə.d͡ʒəˈneɪ.ə.ti/; /ˌhəʉ.mə.d͡ʒəˈniː.ə.ti/; [ˌhəʉ.mə.d͡ʒəˈnɪi.ə.ti]; [ˌhəʉ.mə.d͡ʒəˈnɪi.ə.ɾi]; /ˌhəʉ.mə.d͡ʒəˈnæɪ.ə.ti/; [ˌhəʉ.mə.d͡ʒəˈnæɪ.ə.ɾi],kaikki_no_count,
hopewell,hopewell,1,2,other,/ˈhoʊpˌwɛl/,,,kaikki_missing,
hourglass,hour-glass,2,3,other,/ˈaʊɚˌɡlæs/,,/ˈaʊəɡlɑːs/,kaikki_no_count,
hughes,hugh-es,2,1,other,/ˈhjuːz/,,,kaikki_missing,
humanism,hu-man-ism,3,4,suffix_ism,/ˈhjuːməˌnɪzəm/,,/ˈhjuːmənɪz(ə)m/; /ˈhjumənɪz(ə)m/,kaikki_no_count,
hydroelectric,hy-dro-elec-tric,4,5,other,/ˌhaɪdɹoʊɪˈlɛktɹɪk/,,/ˌhʌɪdrəʊɪˈlɛktrɪk/,kaikki_no_count,
hyena,hye-na,2,3,other,/haɪˈiːnə/,,/haɪˈiːnə/,kaikki_no_count,
hyperborean,hy-per-bore-an,4,5,other,/ˌhaɪpɚˈbɔɹiən/,,/hʌɪ.pəˈbɔː.ɹɪən/; /ˌhaɪ.pɚˈboɹ.i.jɪn/,kaikki_no_count,
hypnotism,hyp-no-tism,3,4,suffix_ism,/ˈhɪpnəˌtɪzəm/,,/ˈhɪpnətɪzəm/,kaikki_no_count,
hypochondriac,hy-poc-hon-driac,4,5,other,/ˌhaɪpəˈkɑndɹiæk/,,/ˌhaɪpəʊˈkɒndɹiæk/; /ˌhaɪpəˈkɒndɹiæk/; /ˌhaɪpoʊˈkɑndɹiæk/; /ˌhaɪpəˈkɑndɹiæk/; /ˌhɪpoʊˈkɒndɹiæk/; /ˌhɪpəˈkɒndɹiæk/,kaikki_no_count,
hysterically,hys-ter-i-cal-ly,5,4,adverb_ically_ally,/ˌhɪˈstɛɹɪkli/,,,kaikki_no_count,
ian,ian,1,2,vowel_sequence_suffix,/ˈiːən/,,,kaikki_missing,
idealism,ide-al-ism,3,4,suffix_ism,/aɪˈdiːlɪzəm/,,/ʌɪˈdɪəlɪz(ə)m/; /ʌɪˈdiːəlɪz(ə)m/,kaikki_no_count,
idealistic,ide-al-is-tic,4,5,other,/aɪˌdiːəˈlɪstɪk/,,,kaikki_no_count,
identifiable,i-den-ti-fi-able,5,6,suffix_able_ible,/aɪˈdɛntəˌfaɪəbəl/,,,kaikki_no_count,
ideology,ide-ol-o-gy,4,5,other,/ˌaɪdiˈɑlədʒi/,,/ˌaɪ.diːˈɒl.ə.d͡ʒiː/; /aɪ.diˈɑ.lə.d͡ʒi/; /ɪ.diˈɑ.lə.d͡ʒi/; /ˌɑɪ.diːˈɔl.ə.d͡ʒiː/,kaikki_no_count,
idiom,id-iom,2,3,other,/ˈɪdiəm/,,/ˈɪdiəm/; [ˈɪdɪəm]; [ˈɪɾiəm],kaikki_no_count,
idiot,id-iot,2,3,other,/ˈɪˌdiːət/,,/ˈɪdiət/; /ˈɪd͡ʒət/,kaikki_no_count,
ids,ids,1,2,other,/ˈaɪˈdiːz/,,,kaikki_no_count,
imagery,im-agery,2,3,other,/ˈɪmɪdʒɹɪ/,,/ˈɪmɪd͡ʒɹi/; /-ədʒɹi/; /ˈɪmɪd͡ʒəɹi/,kaikki_no_count,
immemorial,im-memo-ri-al,4,5,other,/ˌɪməˈmɔɹiəl/,,/ɪ.məˈmɔːɹi.əl/,kaikki_no_count,
imperialism,im-pe-ri-al-ism,5,6,suffix_ism,/ˌɪmˈpɪɹiəˌlɪzəm/,,/ɪmˈpɪə.ɹi.ə.lɪ.z(ə)m/; /ɪmˈpɪ.ɹi.əˌlɪ.zəm/,kaikki_no_count,
impoverish,im-pov-er-ish,4,3,other,/ˌɪmˈpɑvɹɪʃ/,,/ɪmˈpɒv(ə)ɹɪʃ/,kaikki_no_count,
impoverished,im-pov-er-ished,4,3,other,/ˌɪmˈpɑvɹɪʃt/,,/ɪmˈpɑvəɹɪʃt/; /ɪmˈpɒv(ə)ɹɪʃt/,kaikki_no_count,
impropriety,im-pro-pri-ety,4,5,suffix_ity_ety,/ˌɪmpɹəˈpɹaɪəti/,,/ˌɪm.pɹəˈpɹaɪ.ɪ.ti/,kaikki_no_count,
incendiary,in-cen-di-ary,4,5,other,/ˌɪnˈsɛndiɛɹi/,,/ɪnˈsɛn.dɪ.əɹ.i/; /ɪnˈsɛn.djəɹ.i/; /ɪnˈsɛn.di.ɛɹ.i/; /ɪnˈsɛn.di.əɹ.i/,kaikki_no_count,
inconspicuous,in-con-spic-u-ous,5,4,vowel_sequence_suffix,/ˌɪŋˈkɑnspɪkwəs/,,/ˌɪn.kənˈspɪk.ju.əs/; /ˌɪŋkənˈspɪkjʉwəs/,kaikki_no_count,
indiana,in-di-ana,3,4,other,/ˌɪndiˈænə/,,,kaikki_missing,
individualism,in-di-vid-u-al-ism,6,7,suffix_ism,/ˌɪndɪvɪˈduːəˌlɪzəm/,,,kaikki_no_count,
inebriated,ine-bri-at-ed,4,5,other,/ˌɪˈnɛbɹiˌeɪtəd/,,/ɪˈniː.bɹi.eɪ.tɪd/,kaikki_no_count,
influences,in-flu-ences,3,4,other,/ˈɪnˌfluːənsɪz/,,/ˈɪn.flu.ən.sɪz/,kaikki_no_count,
influenza,in-fluen-za,3,4,other,/ˌɪnfluˈɛnzə/,,/ˌɪn.fluˈɛn.zə/,kaikki_no_count,
ingenuity,in-ge-nu-ity,4,5,suffix_ity_ety,/ˌɪndʒəˈnuːəˌtiː/,,/ˌɪnd͡ʒəˈn(j)uːəti/,kaikki_no_count,
initiated,ini-ti-at-ed,4,5,other,/ɪˈnɪʃɪeɪtɪd/,,/ɪˈnɪʃieɪtɪd/,kaikki_no_count,
intermediary,in-ter-me-di-ary,5,6,other,/ˌɪntəmˈiːdiːəɹɪ/,,/ˌɪntə(ɹ)ˈmiːdi.əɹi/; /ˌɪntə(ɹ)ˈmiːdjəɹi/; /ˌɪntə(ɹ)ˈmiːdʒəɹi/; /ˌɪn(t)ɚˈmidiˌɛɹi/,kaikki_no_count,
intestines,in-testines,2,3,other,/ˌɪnˈtɛstənz/,,,kaikki_no_count,
inuit,i-nu-it,3,2,other,/ˈɪnut/,,,kaikki_missing,
inviolable,in-vi-o-lable,4,5,suffix_able_ible,/ˌɪnˈvaɪələbəl/,,/ɪnˈvaɪələbl̩/,kaikki_no_count,
ion,ion,1,2,other,/ˈaɪɒn/,,/ˈaɪən/; /ˈaɪ.ɒn/; /ˈaɪ.ɑn/; /ˈaɪˌoʊn/,kaikki_no_count,
iota,io-ta,2,3,other,/ˌaɪˈoʊtə/,,/aɪˈəʊtə/; /aɪˈoʊtə/,kaikki_no_count,
iowa,io-wa,2,3,other,/ˈaɪəwə/,,,kaikki_missing,
iridium,irid-i-um,3,4,vowel_sequence_suffix,/ˌɪˈɹɪdiəm/,,/ɪˈɹɪd.i.əm/,kaikki_no_count,
iroquois,iro-quois,2,3,other,/ˈɪɹəˌkwɔɪ/,,,kaikki_missing,
jacksonville,jack-sonville,2,3,other,/ˈdʒæksənˌvɪl/,,,kaikki_missing,
january,jan-u-ary,3,4,other,/ˈdʒænjuˌɛɹi/,,,kaikki_missing,
jingoism,jin-go-ism,3,4,suffix_ism,/ˈdʒɪŋˌɡoʊɪzəm/,,/ˈd͡ʒɪŋɡəʊɪz(ə)m/,kaikki_no_count,
joel,joel,1,2,other,/ˈdʒoʊəl/,,,kaikki_missing,
joshua,jos-hua,2,3,other,/ˈdʒɑˌʃuːə/,,,kaikki_missing,
journalism,jour-nal-ism,3,4,suffix_ism,/ˈdʒɝnəˌlɪzəm/,,/ˈd͡ʒɜːn(ə)lɪzəm/; /ˈd͡ʒɝnl̩ˌɪzəm/,kaikki_no_count,
justifiable,jus-ti-fi-able,4,5,suffix_able_ible,/ˈdʒʌstəˌfaɪəbəl/,,,kaikki_no_count,
karaoke,ka-rao-ke,3,4,other,/ˌkɛɹiˈoʊki/,,/ˈkæ.ɹiˌəʊ.ki/; /ˈkæ.ɹəˌəʊ.ki/; /ˌkæ.ɹiˈoʊ.ki/; /ˌkɛɹ.iˈoʊ.ki/; /ˈkɑːɹɑːˌoʊkeɪ/; /ˈkɑːɹɑːˌoʊkɛ/; /kəˈrɑw(ɵ)ke/; /kəˈroke/,kaikki_no_count,
kier,ki-er,2,1,other,/ˈkɪɹ/,,,kaikki_no_count,
laboratories,lab-o-ra-to-ries,5,4,other,/ˈlæbɹəˌtɔɹiz/,,,kaikki_no_count,
laboratory,lab-o-ra-to-ry,5,4,other,/ˈlæbɹəˌtɔɹi/,,/ləˈbɒɹət(ə)ɹi/; /ləˈbɔɹətɹe/; /-tɹɪ/; /-tɹi/; /ˈlæb(ə)ɹəˌtɔɹi/; /ˈlæbɹəˌtɔɹi/; /ləˈbɔɹəˌtɔɹi/; /ləˈbɔɹətɹi/; /ləˈbɔɹətɹiː/; /ˈlɛbɹəˌtoːɹiː/; /laboɾaˈtoɾi/; [lɐ.bo.ɾɐˈt̪oː.ɾɪ]; /ˈlabɾatoɾi/; [ˌlab.ɾɐ.t̪oˈɾɪ],kaikki_no_count,
laity,lai-ty,2,3,suffix_ity_ety,/ˈleɪəti/,,/ˈleɪ.ə.ti/; /ˈleɪ.ɪ.ti/,kaikki_no_count,
lauderdale,laud-erdale,2,3,other,/ˈlɔdɚˌdeɪl/,,,kaikki_missing,
leisurely,leisure-ly,2,3,other,/ˈliːzɚli/,,/ˈlɛʒɜli/; /ˈliʒɚli/,kaikki_no_count,
leviathan,le-viat-han,3,4,other,/ləˈvaɪəθən/,,/lɪˈvaɪəθn̩/; /ləˈvaɪəθ(ə)n/,kaikki_no_count,
liable,li-able,2,3,suffix_able_ible,/ˈlaɪəbəl/,,/ˈlaɪ̯əbəl/; [ˈlaɪ̯əbɫ̩]; [ˈlaɪ̯əbəɫ],kaikki_no_count,
liberalism,lib-er-al-ism,4,5,suffix_ism,/ˈlɪˌbɝəˌlɪzəm/,,/ˈlɪ.b(ə.)ɹə.lɪz.əm/,kaikki_no_count,
lifeblood,lifeblood,1,2,other,/ˈlaɪfˌblʌd/,,/ˈlaɪfˌblʌd/,kaikki_no_count,
linear,lin-ear,2,3,other,/ˈlɪniɚ/,,/ˈlɪn.i.ə/; /ˈlɪn.i.əɹ/; /liː.nɪ.jə(ɾ)/; /liːn.jə(ɾ)/,kaikki_no_count,
linearly,lin-ear-ly,3,4,other,/ˈlɪniɚli/,,,kaikki_no_count,
linoleum,li-no-leum,3,4,other,/ləˈnoʊliəm/,,/lɪˈnəʊli.əm/; /lɪˈnoʊli.əm/,kaikki_no_count,
liqueur,liqueur,1,2,other,/lɪˈkɝ/,,/lɪˈkjʊə/; /lɪˈkjɔː/; /lɪˈk(j)ɝ/; /lɪˈk(j)ɔɹ/; /lɪˈkjuɹ/,kaikki_no_count,
lithuania,lit-hua-nia,3,5,vowel_sequence_suffix,/ˌlɪθəˈweɪniə/,,,kaikki_missing,
livelihood,liveli-hood,2,3,other,/ˈlaɪvliˌhʊd/,,/ˈlaɪvlihʊd/; /ˈlaɪvlɪhʉd/,kaikki_no_count,
loess,loess,1,2,other,/ˈloʊəs/,,/lɜːs/; /ˈləʊɪs/; /ˈloʊ.əs/; /lɛs/; /lʌs/,kaikki_no_count,
logically,log-i-cal-ly,4,3,adverb_ically_ally,/ˈlɑdʒɪkli/,,/ˈlɑd͡ʒɪˌkli/,kaikki_no_count,
louisiana,lou-i-si-ana,4,5,other,/luˌiːziˈænə/,,,kaikki_missing,
louisville,lou-is-vil-le,4,3,other,/ˈluːiˌvɪl/,,,kaikki_missing,
machiavellian,mac-hia-vel-lian,4,5/6,vowel_sequence_suffix,/ˌmækɪəˈvelɪən/,,,kaikki_no_count,
magnesium,mag-ne-sium,3,4,vowel_sequence_suffix,/mæɡˈniːziəm/,,/ˌmæɡˈniːzi.əm/; /ˌmæɡˈnizi.əm/; /ˌmæɡˈniʒəm/,kaikki_no_count,
magnetism,ma-gne-tism,3,4,suffix_ism,/ˈmæɡnəˌtɪzəm/,,/ˈmæɡ.nəˌtɪz.əm/,kaikki_no_count,
makeshift,makeshift,1,2,other,/ˈmeɪkˌʃɪft/,,/ˈmeɪkˌʃɪft/,kaikki_no_count,
managerial,man-age-ri-al,4,5,other,/ˌmænɪˈdʒɪɹiəl/,,/ˌmænɪˈd͡ʒɪəɹi.əl/; /ˌmænəˈd͡ʒɪɹi.əl/; [ˌmɛənəˈd͡ʒɪɹi.əl],kaikki_no_count,
mannerism,man-ner-ism,3,4,suffix_ism,/ˈmænɚˌɪzəm/,4,/ˈmænəˌɹɪzəm/,kaikki_confirms_cmu_mismatch,
mariah,mari-ah,2,3,other,/mɚˈaɪə/,,,kaikki_missing,
marxism,marx-ism,2,3,suffix_ism,/ˈmɑɹksɪzəm/,,,kaikki_no_count,
materialism,ma-te-ri-al-ism,5,6,suffix_ism,/məˈtɪɹiəˌlɪzəm/,,/məˈtɪɹiəlɪzəm/; /məˈtɪəɹiəlɪzəm/,kaikki_no_count,
mauritius,mau-ri-tius,3,4,other,/mɔˈɹɪtiəs/,,,kaikki_missing,
mausoleum,mau-so-leum,3,4,other,/ˌmɔsəˈliːəm/,,/ˌmɔː.zəˈliː.əm/; /ˌmɔ.səˈli.əm/; /-.zəˈ-/; /ˌmɑ.-/,kaikki_no_count,
mcdonald,mcdon-ald,2,3,other,/məkˈdɑnəld/,,,kaikki_missing,
mechanically,me-chan-i-cal-ly,5,4,adverb_ically_ally,/məˈkænɪkli/,,/məˈkænɪkli/,kaikki_no_count,
mechanism,mech-a-nism,3,4,suffix_ism,/ˈmɛkəˌnɪzəm/,,/ˈmɛk.ə.nɪ.zəm/; [ˈmɛk.ə.nɪ.zm̩]; /ˈmek.ə.nɪ.zəm/; [ˈmek.əˌnɪ.zm̩],kaikki_no_count,
mechanisms,mech-a-nisms,3,4,other,/ˈmɛkəˌnɪzəmz/,,/ˈmɛk.ə.nɪ.zəmz/,kaikki_no_count,
medicines,me-di-ci-nes,4,3,other,/ˈmɛdəsənz/,,,kaikki_no_count,
memorial,memo-ri-al,3,4,other,/məˈmɔɹiəl/,,/məˈmɔːɹi.əl/; /məˈmoʊɹi.əl/,kaikki_no_count,
meridian,merid-i-an,3,4,vowel_sequence_suffix,/mɚˈɪdiən/,,/məˈɹɪ.dɪ.ən/; /mɪ-/; /məˈɹɪ.di.ən/,kaikki_no_count,
mesmerism,me-sme-rism,3,4,suffix_ism,/ˈmɛsmɚˌɪzəm/,,/ˈmɛz.məˌɹɪz.əm/; /ˈmɛz.mɚˌɪz.əm/; /ˈmez.məˌɹɪz.əm/,kaikki_no_count,
mesozoic,me-so-zoic,3,4,other,/ˌmɛsəˈzoʊɪk/,,,kaikki_missing,
metabolism,me-tab-o-lism,4,5,suffix_ism,/məˈtæbəˌlɪzəm/,,/mɪˈtab.ə.lɪz.əm/; [mɪˈtab.ə.lɪz.m̩]; /məˈtæb.əˌlɪz.əm/; [məˈtæb.əˌlɪz.m̩]; /mɪˈtæb.ə.lɪz.əm/; [mɪˈtæb.ə.lɪz.m̩],kaikki_no_count,
meteoric,me-te-oric,3,4,other,/ˌmiːtiˈɔɹɪk/,,/ˌmiːtiˈɒɹɪk/,kaikki_no_count,
michelle,michelle,1,2,other,/mɪˈʃɛl/,,,kaikki_missing,
microcosm,mi-cro-cosm,3,4,other,/ˈmaɪkɹəˌkɑzəm/,,/ˈmaɪ.kɹə(ʊ)ˌkɒz.əm/; /ˈmaɪ.kɹəˌkɑz.əm/,kaikki_no_count,
militarism,mi-li-ta-rism,4,5,suffix_ism,/ˈmɪlətɚˌɪzəm/,,,kaikki_no_count,
miniscule,minis-cule,2,3,other,/ˈmɪnɪskjul/,,,kaikki_no_count,
minutely,minute-ly,2,3,other,/ˈmɪnətli/,,/maɪˈnjuːtlɪ/; /ˈmɪnɪtlɪ/,kaikki_no_count,
mm,mm,1,0,other,/m/,,,kaikki_no_count,
modernism,mo-der-nism,3,4,suffix_ism,/ˈmɑdɚˌnɪzəm/,,,kaikki_no_count,
monologue,mono-logue,2,3,other,/ˈmɑnəˌlɔɡ/,,/ˈmɒnəlɒɡ/; /ˈmɑnəˌlɔɡ/; /ˈmɑnəˌlɑɡ/,kaikki_no_count,
monotheism,mo-not-he-ism,4,5,suffix_ism,/ˈmɑnəˌθiːɪzəm/,,/ˌmɑnoʊ̯ˈθiɪzm̩/,kaikki_no_count,
montgomery,mont-gomery,2,3,other,/mɑntˈɡʌmɹi/,,,kaikki_missing,
morale,morale,1,2,other,/mɚˈæl/,,/məˈɹɑːl/; /məˈɹæl/,kaikki_no_count,
moralism,mo-ra-lism,3,4,suffix_ism,/ˈmɔɹəˌlɪzəm/,,/ˈmɒɹəlɪzm/,kaikki_no_count,
moratorium,mora-to-ri-um,4,5,vowel_sequence_suffix,/ˌmɔɹəˈtɔɹiəm/,,/ˌmɒ.ɹəˈtɔː.ɹɪ.əm/; /ˌmɔː.ɹəˈtɔː.ɹɪ.əm/; /ˌmɔ.ɹəˈtɔ.ɹi.əm/,kaikki_no_count,
motile,motile,1,2,other,/ˈmoʊtəl/,,/ˈməʊtaɪl/,kaikki_no_count,
mozambique,mozam-bique,2,3,other,/ˌmɒzɐmbˈiːk/,,,kaikki_no_count,
mpeg,mpeg,1,2,other,/ˈɛmˌpɛɡ/,,,kaikki_missing,
mrs,mrs,1,2,other,/ˈmɪsɪz/,,,kaikki_missing,
mutualism,mu-tu-al-ism,4,5,suffix_ism,/ˈmjuːtʃuˌʌˌlɪzəm/,,/ˈmjuː.tʃʊ.əˌlɪz.m̩/; /ˈmju.t͡ʃu.əˌlɪz.m̩/,kaikki_no_count,
myopic,my-opic,2,3,other,/maɪˈɑpɪk/,,/maɪˈɒpɪk/; /maɪˈoʊpɪk/; /maɪˈɑpɪk/,kaikki_no_count,
naivete,nai-ve-te,3,4,other,/nɑˌiːvəˈteɪ/,,,kaikki_no_count,
narcissism,nar-cis-sism,3,4,suffix_ism,/ˈnɑɹsɪˌsɪzəm/,,/ˈnɑːsəˌsɪzm/; /ˈnɑɹsəˌsɪzm/,kaikki_no_count,
neanderthal,ne-an-derthal,3,4,other,/niˈændɚˌθɔl/,,,kaikki_no_count,
neolithic,ne-olith-ic,3,4,other,/ˈniːoʊˌlɪθɪk/,,/nioʊˈlɪθɪk/,kaikki_no_count,
nepotism,ne-po-tism,3,4,suffix_ism,/ˈnɛpəˌtɪzəm/,,/ˈnɛp.ə.tɪ.zəm/; /ˈniː.pə.tɪ.zəm/; /ˈnep.ə.tɪ.zəm/; /ˈnep.ə.tə.zəm/,kaikki_no_count,
nicole,nicole,1,2,other,/nɪˈkoʊl/,,,kaikki_missing,
nihilism,ni-hi-lism,3,4,suffix_ism,/ˈnaɪəˌlɪzəm/,,/ˈnaɪ.(h)ɪ.lɪz.m̩/; /ˈnɪ-/; /ˈniː-/; [-(h)ɨ̞-]; /ˈnaɪ.əˌlɪz.m̩/,kaikki_no_count,
notoriety,no-to-ri-ety,4,5,suffix_ity_ety,/ˌnoʊtɚˈaɪəti/,,/nəʊ.təˈɹaɪ.ə.ti/; /noʊ.tɚ.aɪ.ə.ti/,kaikki_no_count,
oasis,oa-sis,2,3,other,/oʊˈeɪsɪs/,,/əʊˈeɪsɪs/; /əʊˈeɪsəs/; /oʊˈeɪsɪs/; /oʊˈeɪsəs/,kaikki_no_count,
obedient,obe-di-ent,3,4,other,/oʊˈbiːdiənt/,,/əˈbiːdɪənt/; /əʊˈbiːdɪənt/; /əˈbidiənt/; /oʊˈbidiənt/,kaikki_no_count,
obituary,o-bit-u-ary,4,5,other,/oʊˈbɪtʃuˌɛɹi/,,/əˈbɪt͡ʃʊ(ə)ɹi/; /əˈbɪt͡ʃɹi/; /əˈbɪtjʊ(ə)ɹi/; /əʊ-/; /əˈbɪt͡ʃəˌwɛɹi/; /əˈbɪt͡ʃuˌɜɹi/; /əˈbɪt͡ʃəɹi/; /oʊ-/,kaikki_no_count,
obliged,obliged,1,2,other,/əˈblaɪdʒd/,,/əˈblaɪd͡ʒd/,kaikki_no_count,
oblique,oblique,1,2,other,/əˈbliːk/,,/əˈbliːk/; /oʊˈbliːk/; /ɑbˈlaɪk/; /ɒbˈlaɪk/,kaikki_no_count,
omelet,omelet,1,2,other,/ˈɑmlət/,,,kaikki_no_count,
opaque,opaque,1,2,other,/oʊˈpeɪk/,,/əʊˈpeɪk/; /oʊˈpeɪk/; /əʉˈpæɪk/; [ɐʉˈpæɪk]; /ɐʉˈpæɪk/,kaikki_no_count,
opened,opened,1,2,other,/ˈoʊpənd/,,/ˈoʊpənd/; /ˈəʊpənd/,kaikki_no_count,
opera,opera,1,2,other,/ˈɑpɹə/,,/ˈɒp.ə.ɹə/; /ˈɒp.ɹə/; /ˈɑp.ə.ɹə/; /ˈɑ.pɚ.ə/; /ˈɑ.pɹə/; /ˈɔp.ə.ɹə/; /ˈɔp.ɹə/,kaikki_no_count,
opium,opi-um,2,3,vowel_sequence_suffix,/ˈoʊpiəm/,,/ˈoʊ.pi.əm/; /ˈəʊ.pi.əm/; /ˈoʊp.jəm/,kaikki_no_count,
opportunism,op-por-tu-nism,4,5,suffix_ism,/ˌɑpɚˈtuːˌnɪzəm/,5,,kaikki_confirms_cmu_mismatch,
optimism,op-ti-mism,3,4,suffix_ism,/ˈɑptəˌmɪzəm/,,/ˈɑptɪmɪzəm/; /ˈɒptɪmɪzəm/,kaikki_no_count,
organically,or-gan-i-cal-ly,5,4,adverb_ically_ally,/ɔɹˈɡænɪkli/,,/ɔːˈɡænɪkli/; /oɹˈɡænɪkli/; [oɹˈɡɛənɪkli]; /oːˈɡænɪkli/; /oːˈɡɛnəkli/,kaikki_no_count,
organism,or-gan-ism,3,4,suffix_ism,/ˈɔɹɡəˌnɪzəm/,,/ˈɔː.ɡə.nɪ.zəm/; /ˈɔɹ.ɡəˌnɪz.əm/,kaikki_no_count,
organisms,or-gan-isms,3,4,other,/ˈɔɹɡəˌnɪzəmz/,,,kaikki_no_count,
orient,ori-ent,2,3,other,/ˈɔɹiˌɛnt/,,/ˈɔː.ɹɪ.ənt/; /ˈɒɹ.ɪ.ənt/; /ˈɔɹ.i.ənt/; /ˈɔː.ɹɪˌɛnt/; /ˈɒɹ.ɪˌɛnt/; /ˈɔɹ.iˌɛnt/,kaikki_no_count,
oriental,ori-en-tal,3,4,other,/ˌɔːɹɪˈɛntəl/,,,kaikki_no_count,
oriented,ori-ent-ed,3,4,other,/ˈɔːɹɪəntɪd/,,/ˈɔː.ɹɪˌɛn.tɪd/; /ˈɒɹ.ɪˌɛn.tɪd/; /ˈoɹ.iˌɛn.tɪd/,kaikki_no_count,
ostracism,os-tra-cism,3,4,suffix_ism,/ˈɔstɹəˌsɪzəm/,,/ˈɒstɹəsɪz(ə)m/,kaikki_no_count,
overseer,o-ver-seer,3,4,other,/ˈoʊvɚˈsiːɚ/,,/ˈəʊvəˌsiːə(ɹ)/,kaikki_no_count,
overstatement,over-state-ment,3,4,other,/ˈoʊvɚˌsteɪtmənt/,,,kaikki_no_count,
overtaxed,over-taxed,2,3,other,/ˌoʊvɚˈtækst/,,,kaikki_no_count,
overturned,over-turned,2,3,other,/ˈoʊvɚˌtɝnd/,,,kaikki_no_count,
pacifier,paci-fi-er,3,4,other,/ˈpæsəˌfaɪɚ/,,/ˈpæsɪfaɪə/; /ˈpæsɪfaɪɚ/,kaikki_no_count,
paraguay,pa-ra-gua-y,4,3,other,/ˈpɛɹəˌɡweɪ/,,,kaikki_missing,
parallelism,par-al-lel-ism,4,5,suffix_ism,/ˈpɛɹəˌlɛˌlɪzəm/,,/ˈpaɹəlɛlɪz(ə)m/,kaikki_no_count,
pariah,pari-ah,2,3,other,/pɚˈaɪə/,,/pəˈɹaɪə/,kaikki_no_count,
parochial,pa-roc-hial,3,4,other,/pɚˈoʊkiəl/,,/pəˈɹəʊkɪəl/; /pəˈɹoʊki.əl/,kaikki_no_count,
pastoralism,pas-to-ra-lism,4,5,suffix_ism,/ˈpæstɚəˌlɪzəm/,,,kaikki_no_count,
patriarchy,pa-tri-archy,3,4,other,/ˈpeɪtɹiˌɑɹki/,,/ˈpejtɹiɑɹki/; /ˈpeɪ̯tɹɪɑːkɪ/; /ˈpætɹɪɑːkɪ/; /ˈpɛjtɹɪjɑːkɪj/,kaikki_no_count,
patriotism,pa-tri-o-tism,4,5,suffix_ism,/ˈpeɪtɹiəˌtɪzəm/,,/ˈpætɹi.əˌtɪzəm/; /ˈpeɪtɹi.əˌtɪzəm/,kaikki_no_count,
pcs,pcs,1,2,other,/ˈpiːˈsiːz/,,,kaikki_no_count,
pedestrian,pedes-tri-an,3,4,vowel_sequence_suffix,/pəˈdɛstɹiən/,,/pəˈdɛstɹiən/,kaikki_no_count,
pediatric,pe-di-atric,3,4,other,/ˌpiːdiˈætɹɪk/,,/ˌpiːdiːˈætrɪk/,kaikki_no_count,
pediatrics,pe-di-atrics,3,4,other,/ˌpiːdiˈætɹɪks/,,/ˌpiːdɪˈætɹɪks/; /ˌpidiˈætɹɪks/,kaikki_no_count,
pentium,pen-tium,2,3,vowel_sequence_suffix,/ˈpɛntiəm/,,,kaikki_missing,
perennial,peren-ni-al,3,4,other,/pɚˈɛniəl/,,/pəˈɹɛn.ɪ.əl/; /pəˈɹɛn.j(ə)l/; /pəˈɹɛn.i.əl/,kaikki_no_count,
peristyle,peri-style,2,3,other,/ˈpɛɹəˌstaɪl/,,/ˈpɛɹɪstaɪl/; /ˈpɛɹəstaɪl/,kaikki_no_count,
permeability,per-me-abil-i-ty,5,6,suffix_ity_ety,/pɚˌmiːəˈbɪlɪti/,,/ˌpɝmi.əˈbɪlɪti/; /ˌpɜːmi.əˈbɪlɪti/,kaikki_no_count,
permeable,per-me-able,3,4,suffix_able_ible,/ˈpɝˌmiːəbəl/,,/ˈpɜːmiəbəl/; /ˈpɝmiəbəl/; /ˈpøːmiəbəl/,kaikki_no_count,
pessimism,pes-si-mism,3,4,suffix_ism,/ˈpɛsəˌmɪzəm/,,/ˈpɛsɪmɪzəm/,kaikki_no_count,
pete,pe-te,2,1,other,/ˈpiːt/,,,kaikki_no_count,
philippines,philip-pines,2,3,other,/ˈfɪləˌpiːnz/,,,kaikki_missing,
photoelectric,pho-to-elec-tric,4,5,other,/ˌfoʊtoʊɪˈlɛktɹɪk/,,,kaikki_no_count,
physiologically,phys-i-o-log-i-cal-ly,7,6,adverb_ically_ally,/ˌfɪziəˈlɑdʒɪkli/,,,kaikki_no_count,
physique,physique,1,2,other,/fəˈziːk/,,,kaikki_no_count,
pianist,pi-anist,2,3,other,/ˈpɪənɪst/,,/ˈpi.ənɪst/; /piˈænɪst/,kaikki_no_count,
piano,pi-ano,2,3,other,/pɪˈɑːnəʊ/,,/ˈpjænəʊ/; /piˈænəʊ/; /piˈænoʊ/; /piˈænɪː/; /piˈænə/; /paɪˈænoʊ/; /piˈɑːnəʊ/; /ˈpjɑːnəʊ/; /piˈɑnoʊ/,kaikki_no_count,
picaresque,pi-caresque,2,3,other,/ˌpɪkəˈɹɛsk/,,/pɪkəˈɹɛsk/,kaikki_no_count,
picturesque,pic-turesque,2,3,other,/ˈpɪktʃɚəsk/,,/ˌpɪkt͡ʃəˈɹɛsk/,kaikki_no_count,
platelet,platelet,1,2,other,/ˈpleɪtlət/,,/ˈpleɪt.lət/,kaikki_no_count,
pliable,pli-able,2,3,suffix_able_ible,/ˈplaɪəbəl/,,/ˈplaɪəbəl/,kaikki_no_count,
pluralism,plu-ral-ism,3,4,suffix_ism,/ˈplʊɹəˌlɪzəm/,,,kaikki_no_count,
podium,podi-um,2,3,vowel_sequence_suffix,/ˈpoʊdiəm/,,/ˈpəʊ.di.əm/; /ˈpoʊ.di.əm/; /ˈpəʉ.di.əm/,kaikki_no_count,
polyester,po-lyes-ter,3,4,other,/ˌpɑˌliːˈɛstɚ/,,/ˈpɑliˌɛstə(r)/,kaikki_no_count,
polytheism,poly-the-ism,3,5,suffix_ism,/ˈpɑˌliːθiɪzəm/,,/pɒl.ɪˈθiː.ɪz.əm/,kaikki_no_count,
posterior,pos-te-ri-or,4,3,other,/ˌpɔˈstɪɹjɚ/,,/pɒsˈtɪə.ɹi.ə/; /poʊˈstɪɹ.i.ɚ/; /pɑˈstɪɹ.i.ɚ/; /pɒsˈtɪɹ.i.ɚ/; /pɔsˈtɪə.ɹi.ə/; /pɒsˈtiːə.ɹi.ə/; [pɔ̟sˈtiːə.ɹi.ə]; /pɒsˈtiə.ɹi.ə/; [pɔ̟sˈtiə.ɹi.ə],kaikki_no_count,
potassium,potas-si-um,3,4,vowel_sequence_suffix,/pəˈtæsiəm/,,/pəˈtæsiəm/,kaikki_no_count,
powerfully,pow-er-ful-ly,4,3,other,/ˈpaʊɚfli/,,/ˈpaʊəf(ə)li/; /ˈpaʊɚf(ə)li/,kaikki_no_count,
preponderance,pre-pon-der-ance,4,3,other,/pɹiˈpɑndɹəns/,,/pɹɪˈpɒndəɹəns/; /pɹɪˈpɒndɹəns/; /pɹəˈpɑndəɹəns/; /pɹəˈpɑndɹəns/,kaikki_no_count,
principally,prin-ci-pal-ly,4,3,adverb_ically_ally,/ˈpɹɪnsɪpli/,,,kaikki_no_count,
prism,prism,1,2,suffix_ism,/ˈpɹɪzəm/,,/ˈpɹɪz(ə)m/; [ˈpʰɹ̠̊ɪzm̩]; /ˈpɹɪzəm/,kaikki_no_count,
prolifically,pro-lif-i-cal-ly,5,4,adverb_ically_ally,/pɹoʊˈlɪfɪkli/,,,kaikki_no_count,
promised,promised,1,2,other,/ˈpɹɑməst/,,/ˈpɹɒm.ɪst/; /ˈpɹɑ.mɪst/,kaikki_no_count,
proprietor,pro-pri-etor,3,4,other,/pɹəˈpɹaɪətɚ/,,/pɹəˈpɹaɪətɚ/,kaikki_no_count,
proprietorship,pro-pri-etor-ship,4,5,other,/pɹəˈpɹaɪətɚˌʃɪp/,,,kaikki_no_count,
propriety,pro-pri-ety,3,4,suffix_ity_ety,/pɹəˈpɹaɪəti/,,/pɹəˈpɹaɪəti/,kaikki_no_count,
provocatively,pro-vo-ca-ti-ve-ly,6,5,other,/pɹoʊˈvɑkətɪvli/,,,kaikki_no_count,
prurient,pruri-ent,2,3,other,/ˈpɹʊɹiənt/,,/ˈpɹʊəɹ.i.ənt/; /ˈpɹʊɹ.i.ənt/,kaikki_no_count,
psychiatric,psy-chi-atric,3,4,other,/ˌsaɪkiˈætɹɪk/,,/ˌsaɪ.kiˈæt.ɹɪk/,kaikki_no_count,
psychologically,psy-cho-log-i-cal-ly,6,5,adverb_ically_ally,/ˌsaɪkəˈlɑdʒɪkli/,,,kaikki_no_count,
puerile,puerile,1,2,other,/pjuˈɹiːl/,,/ˈpjʊə.ɹaɪl/; /ˈpjʊɹɪl/; /ˈpjʊɹaɪl/,kaikki_no_count,
pugilism,pu-gi-lism,3,4,suffix_ism,/ˈpjuːdʒəlɪzəm/,,/ˈpjuːdʒɪlɪzəm/; /ˈpjuːdʒəlɪzəm/,kaikki_no_count,
racism,ra-cism,2,3,suffix_ism,/ˈɹeɪˌsɪzəm/,,/ˈɹeɪsɪzm̩/,kaikki_no_count,
radically,rad-i-cal-ly,4,3,adverb_ically_ally,/ˈɹædɪkli/,,/ˈɹædɪkli/,kaikki_no_count,
radius,ra-dius,2,3,other,/ˈɹeɪdiəs/,,/ˈɹeɪ.di.əs/,kaikki_no_count,
rarely,rarely,1,2,other,/ˈɹɛɹli/,,/ˈɹɛːli/; /ˈɹɛəɹli/; /ɹɛli/; /ɹeə.liː/; /ɹeəɹliː/,kaikki_no_count,
real,re-al,2,1,other,/ˈɹiːl/,,/ɹiːl/; /ˈɹiː.əl/; /ɹɪl/; [ɹɪɫ]; /ɹɪj(ə)l/; [ɹɪj(ə)ɫ]; /ˈɹi.əl/; /ɹil/; /ɾil/; /ɾi.əl/; /ɾiːl/; /ɾiː.əl/; /rɪjəl/; /ɹeɪˈɑːl/; /ɹeɪˈɑl/,kaikki_no_count,
realisation,re-al-i-sa-tion,5,4,suffix_tion_sion_cian,/ˈɹiːləˈzeɪʃən/,,,kaikki_no_count,
realism,re-al-ism,3,4,suffix_ism,/ˈɹiːəlɪzəm/,,/ˈɹi.əlɪzəm/,kaikki_no_count,
realistically,re-al-is-ti-cal-ly,6,5,adverb_ically_ally,/ˌɹiːəˈlɪstɪkli/,,,kaikki_no_count,
really,re-al-ly,3,2,adverb_ically_ally,/ˈɹɪəlɪ/,,/ˈɹɪə.li/; [ˈɹʷɪə̯lɪ]; [-li]; [ˈɹʷɪː-]; /ˈɹɪl.i/; /ˈɹi.li/; /ˈɹi.ə.li/; /ˈɹiə.liː/; [ˈɹʷeə̯ɫiː]; [ˈɹʷiə̯-]; /ˈrɪ.jə.liː/; /rɪˈjɜː.liː/; /ˈɹeɪlɪ/,kaikki_no_count,
reassess,re-assess,2,3,other,/ɹiəˈsɛs/,,/ˌɹiː.əˈsɛs/,kaikki_no_count,
recidivism,re-ci-di-vism,4,5,suffix_ism,/ɹəˈsɪdɪˌvɪzəm/,,/rɪˈsɪdɪvɪzm̩/; /ɹəˈsɪdəvəzm̩/,kaikki_no_count,
recognised,recog-nised,2,3,other,/ˈɹɛkəɡˌnaɪzd/,,,kaikki_no_count,
reelect,re-elect,2,3,other,/ɹiɪˈlɛkt/,,,kaikki_no_count,
reenact,reen-act,2,3,other,/ɹiɪˈnækt/,,/ɹi.ɪnækt/; /ɹi.ənækt/; /ɹi.ɛnækt/,kaikki_no_count,
reenter,reen-ter,2,3,other,/ɹiˈɪntɚ/,,,kaikki_no_count,
reestablish,rees-ta-blish,3,4,other,/ɹiɪˈstæblɪʃ/,,,kaikki_no_count,
reissue,reis-sue,2,3,other,/ɹiˈɪʃu/,,,kaikki_no_count,
reliable,re-li-able,3,4,suffix_able_ible,/ɹɪlˈaɪəbəl/,,/ɹɪˈlaɪəbl̩/,kaikki_no_count,
renowned,renowned,1,2,other,/ɹɪˈnaʊnd/,,/ɹɪˈnaʊnd/,kaikki_no_count,
reopen,re-open,2,3,other,/ɹiˈoʊpən/,,/ɹiːˈəʊpən/,kaikki_no_count,
reorient,re-ori-ent,3,4,other,/ɹiˈɔɹiɛnt/,,,kaikki_no_count,
reschedule,resched-ule,2,3,other,/ɹiˈskɛdʒul/,,/ɹiːˈʃɛdjuːl/; /ɹiːˈʃɛd͡ʒuːl/; /ɹiːˈskɛdjuːl/; /ɹiːˈskɛd͡ʒuːl/; /ɹiˈskɛd͡ʒʊl/; /ɹiˈskɛd͡ʒəl/; /ɹiˈskɛd͡ʒuəl/; /ɹiˈskɛd͡ʒul/; /ɹiˈskɛd͡ʒu(ə)l/; /ɹiˈskɛd͡ʒuːl/; /ɹiˈʃɛd͡ʒu(ə)l/; /ɹiˈʃɛd͡ʒuːl/,kaikki_no_count,
residual,resid-u-al,3,4,other,/ɹɪˈzɪdʒuəl/,,/ɹɪˈzɪd͡ʒ.ʊəl/; /ɹɪˈzɪd͡ʒ.əl/; /ɹɪˈzɪd.jʊəl/; /ɹɪˈzɪd.jəl/; /ɹɪˈzɪd͡ʒ.u.əl/; /ɹə-/,kaikki_no_count,
rheumatism,rheu-ma-tism,3,4,suffix_ism,/ˈɹuːməˌtɪzəm/,,/ˈɹu.məˌtɪz.əm/; /ˈɹu.məˌtɪz/,kaikki_no_count,
rhythm,rhythm,1,2,other,/ˈɹɪðəm/,,/ˈɹɪð.m̩/,kaikki_no_count,
rhythmically,rhyth-mi-cal-ly,4,3,adverb_ically_ally,/ˈɹɪðmɪkli/,,,kaikki_no_count,
ridicule,ri-di-cu-le,4,3,other,/ˈɹɪdəˌkjuːl/,,/ˈɹɪdɪkjuːl/,kaikki_no_count,
riotous,ri-otous,2,3,other,/ˈɹaɪətəs/,,/ˈɹaɪətəs/,kaikki_no_count,
romanticism,ro-man-ti-cism,4,5,suffix_ism,/ɹoʊˈmæntəˌsɪzəm/,,/ɹəʊˈmæntɪsɪzəm/,kaikki_no_count,
ruinous,ru-inous,2,3,other,/ˈɹuːənəs/,,/ˈɹuː.ɪnəs/,kaikki_no_count,
rwanda,rwan-da,2,3,other,/ˈrjændə/,,,kaikki_missing,
ryan,ryan,1,2,other,/ˈɹaɪən/,,,kaikki_missing,
saleswoman,sales-woman,2,3,other,/ˈseɪlˌzwʊmən/,,,kaikki_no_count,
samoa,sa-moa,2,3,other,/səˈmoʊə/,,,kaikki_missing,
sanctuary,sanc-tu-ary,3,4,other,/ˈsæŋktʃuˌɛɹi/,,/ˈsæŋktjʊəɹi/; /ˈsæŋkt͡ʃʊəɹi/; /ˈsæŋkt͡ʃuˌɛɹi/,kaikki_no_count,
sapiens,sapi-ens,2,3,other,/ˈseɪpiənz/,,,kaikki_no_count,
sarcasm,sar-casm,2,3,other,/ˈsɑɹˌkæzəm/,,/ˈsɑːɹˌkæzəm/; /ˈsɑːˌkæzəm/,kaikki_no_count,
sarcastically,sar-cas-ti-cal-ly,5,4,adverb_ically_ally,/sɑɹˈkæstɪkli/,,/sɑː(ɹ)ˈkæstɪkli/; /sɑː(ɹ)ˈkæstɪkəli/,kaikki_no_count,
satisfactorily,sat-is-fac-to-ri-ly,6,5,other,/ˌsætɪˈsfæktɹəli/,,/sætɪsˈfækt(ə)ɹɪli/,kaikki_no_count,
scenarios,sce-nar-ios,3,4,other,/sɪˈnɛɹioʊz/,,/sɛˈnɑːɹi.əʊz/,kaikki_no_count,
schism,schism,1,2,suffix_ism,/ˈskɪzəm/,,/ˈskɪzəm/; /ˈsɪzəm/; /ˈʃɪzəm/,kaikki_no_count,
sciences,sci-ences,2,3,other,/ˈsaɪənsɪz/,,/ˈsaɪənsɪz/,kaikki_no_count,
scsi,scsi,1,2,other,/ˈskʊˌziː/,,,kaikki_missing,
secretariat,sec-re-tar-iat,4,5,other,/ˌsɛkɹɪˈtɛɹiət/,,/ˌsɛk.ɹəˈtɛə.ɹɪ.ət/; /ˌsɛk.ɹəˈtɛɚ.i.ət/,kaikki_no_count,
semiannual,semi-an-nu-al,4,5,other,/ˈsemɪˈænjʊəl/,,,kaikki_no_count,
servile,servile,1,2,other,/ˈsɝvəl/,,/ˈsɜː(ɹ)ˌvaɪl/; /ˈsəɹ.vəl/; /ˈsəɹˌvaɪl/,kaikki_no_count,
sexism,sex-ism,2,3,suffix_ism,/ˈsɛksɪzəm/,,/ˈsɛksɪzm̩/,kaikki_no_count,
sh,sh,1,0,other,/ʃ/,,,kaikki_no_count,
shh,shh,1,0,other,/ʃ/,,/ʃ̩ː/,kaikki_no_count,
simian,simi-an,2,3,vowel_sequence_suffix,/ˈsɪmiən/,,/ˈsɪm.i.ən/,kaikki_no_count,
sinuous,sin-u-ous,3,2,vowel_sequence_suffix,/ˈsɪnwəs/,,/ˈsɪn.ju.əs/,kaikki_no_count,
skepticism,skep-ti-cism,3,4,suffix_ism,/ˈskɛptɪˌsɪzəm/,,/ˈskɛp.tɪˌsɪ.zəm/,kaikki_no_count,
sobriety,so-bri-ety,3,4,suffix_ity_ety,/səˈbɹaɪəti/,,/səˈbɹaɪ.ɪ.ti/; /səˈbɹaɪ.ə.ti/; [səˈbɹaɪ.ə.ɾi]; /səˈbɹɑɪ.ə.ti/; [səˈbɹɑɪ.ə.ɾi],kaikki_no_count,
society,so-ci-ety,3,4,suffix_ity_ety,/səˈsaɪəti/,,/səˈsaɪ.ə.ti/; [səˈsaɪ.ə.ɾi]; /səˈsɑe.ə.ti/; [səˈsɑe̯.ə.ɾi]; /soːˈsɑːj(ə).ʈiː/; /soˈsəj(ə).ʈiː/,kaikki_no_count,
sodium,sodi-um,2,3,vowel_sequence_suffix,/ˈsoʊdiəm/,,/ˈsəʊ.dɪəm/; /ˈsoʊ.di.əm/; [ˈsoʊ.ɾi.əm]; /ˈsəʉ.di.əm/; [ˈsəʉ.ɾi.əm]; [ˈsɐʉ.ɾi.əm]; /ˈsɐʉ.di.əm/,kaikki_no_count,
soloist,so-loist,2,3,other,/ˈsəʊləʊˌɪst/,,,kaikki_no_count,
somebody,some-body,2,3,other,/ˈsʌmbɒdɪ/,,/ˈsʌmbˌɒdi/; /ˈsʌmˌbədi/; /ˈsʌmbˌʌdi/; /ˈsʌmˌbɑdi/,kaikki_no_count,
sovereign,sov-er-eign,3,2,other,/ˈsɑvɹən/,,/ˈsɒv.ɹɪn/; /ˈsɑv(ə)ɹɪn/; /ˈsɑvɚn/,kaikki_no_count,
sovereignty,sovereign-ty,2,3,other,/ˈsɑvɹənti/,,/ˈsɒvɹənti/; /-ɹɪn-/; /ˈsɑv(ə)ɹənti/; [-ɾi],kaikki_no_count,
spasm,spasm,1,2,other,/ˈspæzəm/,,/ˈspæz.m̩/,kaikki_no_count,
spokesman,spokesman,1,2,other,/ˈspoʊksmən/,,,kaikki_no_count,
spokesperson,spokesper-son,2,3,other,/ˈspoʊkspɚsən/,,/ˈspəʊkspɜːɹsən/; /ˈspoʊksˌpɝsən/,kaikki_no_count,
spokeswoman,spokes-woman,2,3,other,/ˈspoʊkˌswʊmən/,,,kaikki_no_count,
spontaneity,spon-ta-nei-ty,4,5,suffix_ity_ety,/ˌspɑntəˈniːəti/,,/ˈspɒn.tə.neɪ.ə.ti/,kaikki_no_count,
sporadically,spo-rad-i-cal-ly,5,4,adverb_ically_ally,/spɚˈædɪkli/,,,kaikki_no_count,
sql,sql,1,2/3,other,/ˌɛskjˌuːˈɛl/,,,kaikki_missing,
statewide,statewide,1,2,other,/ˈsteɪˌtwaɪd/,,/steɪtˈwaɪd/,kaikki_no_count,
statuary,stat-u-ary,3,4,other,/ˈstætʃuˌɛɹi/,,/ˈstæ.t͡ʃʊə.ɹi/; /ˈstæ.t͡ʃu.ɛəɹi/,kaikki_no_count,
statuesque,sta-tuesque,2,3,other,/ˌstætʃuˈɛsk/,,/statjʊˈɛsk/; /statʃʊˈɛsk/,kaikki_no_count,
statutes,statutes,1,2,other,/ˈstætʃuts/,,/ˈstæt͡ʃuts/,kaikki_no_count,
stoicism,sto-ic-ism,3,4,suffix_ism,/ˈstoʊəˌsɪzəm/,,/ˈstəʊɪsɪzəm/; /ˈstoʊɪsɪzəm/,kaikki_no_count,
stonewall,stonewall,1,2,other,/ˈstoʊnˌwɔl/,,/ˈstəʊnwɔːl/; /ˈstoʊnwɔl/; /ˈstoʊnwɑl/,kaikki_no_count,
stoneware,stoneware,1,2,other,/ˈstoʊnˌwɛɹ/,,,kaikki_no_count,
studying,study-ing,2,3,other,/ˈstʌdiɪŋ/,,/ˈstʌdiːɪŋ/,kaikki_no_count,
subtly,sub-tly,2,3,other,/ˈsʌtəli/,,/ˈsʌt.li/; /ˈsʌ.tl̩.li/; /ˈsʌt.l̩.li/,kaikki_no_count,
sundial,sun-di-al,3,2,other,/ˈsʌnˌdaɪl/,,/ˈsʌnˌdaɪ.əl/,kaikki_no_count,
superfluous,su-per-flu-ous,4,3,vowel_sequence_suffix,/ˈsuːpɚflˌwʌs/,,/suːˈpɜːflu.əs/; /sjʊˈpɜːflu.əs/; /suˈpɝflu.əs/; /səˈpɜːflu.əs/,kaikki_no_count,
symbolism,sym-bol-ism,3,4,suffix_ism,/ˈsɪmbəˌlɪzəm/,,/ˈsɪmbəˌlɪzəm/,kaikki_no_count,
symposium,sym-po-sium,3,4,vowel_sequence_suffix,/sɪmˈpoʊziəm/,,/sɪmˈpəʊziəm/; /sɪmˈpoʊziəm/; /sɪmˈpəʉziəm/; /səmˈpɐʉziəm/,kaikki_no_count,
synthetically,syn-thet-i-cal-ly,5,4,adverb_ically_ally,/sɪnˈθɛtɪkli/,,,kaikki_no_count,
syria,syr-ia,2,3,vowel_sequence_suffix,/ˈsɪɹiə/,,,kaikki_missing,
systematically,sys-tem-at-i-cal-ly,6,5,adverb_ically_ally,/ˌsɪstəˈmætɪkli/,,/ˌsɪs.təˈmæt.ɪ.kli/; [ˌsɪs.təˈmæɾ.ɪ.kli],kaikki_no_count,
teleology,tele-ol-o-gy,4,5,other,/ˈtiːliˌɔləˌdʒiː/,,/ˌtiːliˈɒləd͡ʒi/; /ˌtɛ-/; /ˌtɛliˈɑləd͡ʒi/; /ˌti-/,kaikki_no_count,
tellurium,tel-luri-um,3,4,vowel_sequence_suffix,/tɛˈlʊɹiəm/,,/tɪˈljʊəɹiəm/,kaikki_no_count,
temperament,tem-per-a-ment,4,3,other,/ˈtɛmpɹəmənt/,,/ˈtɛm.pə.ɹə.mənt/; /ˈtɛm.pɹə.mənt/; /ˈtɛm.pə.mənt/; /ˈtɛm.pɚ.ə.mənt/; /ˈtɛm.pɚ.mənt/,kaikki_no_count,
temperamental,tem-per-a-men-tal,5,4,other,/ˌtɛmpɹəmˈɛntəl/,,/ˌtɛmp(ə)ɹəˈmɛntl̩/,kaikki_no_count,
temperamentally,tem-per-a-men-tal-ly,6,5,adverb_ically_ally,/ˌtemprəˈmentəlɪ/,,,kaikki_no_count,
terrorism,ter-ror-ism,3,4,suffix_ism,/ˈtɛɹɚˌɪzəm/,,/ˈtɛɹəɹɪzəm/,kaikki_no_count,
theater,the-ater,2,3,other,/ˈθiːətɚ/,,/ˈθi(ə)tɚ/; /ˈθɪə.tɚ/; /ˈθi.eɪ.tɚ/; /ˈθiː.ə.tə/; /ˈθɪə.tə/; /θiˈɛt.ə/; /θiˈeɪ.tə/; /ˈθiətə/; [ˈθiə̯tɜ]; [ˈθiə̯ɾɜ],kaikki_no_count,
theaters,the-aters,2,3,other,/ˈθiːətɚz/,,,kaikki_no_count,
theatre,the-atre,2,3,other,/ˈθiːətɚ/,,,kaikki_no_count,
theatrical,the-atri-cal,3,4,other,/θiˈætɹɪkəl/,,/θiːˈætɹɪkəl/; /θiˈætɹɪkəl/,kaikki_no_count,
theism,the-ism,2,3,suffix_ism,/ˈθiːɪzəm/,,/ˈθiː.ɪz.əm/; /ˈtiː.ɪz.əm/,kaikki_no_count,
theorem,the-o-rem,3,2,other,/ˈθɪɹəm/,,/ˈθiː.ə.ɹəm/; /ˈθiərəm/; /ˈθɪrəm/,kaikki_no_count,
ticklish,tick-lish,2,3,other,/ˈtɪkəlɪʃ/,,/ˈtɪk(ə)lɪʃ/,kaikki_no_count,
timetable,ti-me-ta-ble,4,3,suffix_able_ible,/ˈtaɪmˌteɪbəl/,,/ˈtaɪmˌteɪbəl/,kaikki_no_count,
tokyo,to-kyo,2,3,other,/ˈtoʊkiˌoʊ/,,,kaikki_missing,
tourism,tou-rism,2,3,suffix_ism,/ˈtʊˌɹɪzəm/,,/ˈtʊəɹɪzəm/; /ˈtɔːɹɪzəm/; /ˈtoːɹɪzəm/; /ˈtɵːɹɪzəm/; /ˈtʊɹɪzəm/; /ˈtɝ.ɪszəm/; /ˈtɔɹɪst/; /ˈtʉɾɪszəm/; [ˈtʉːɾɪszəm],kaikki_no_count,
tragically,trag-i-cal-ly,4,3,adverb_ically_ally,/ˈtɹædʒɪkli/,,,kaikki_no_count,
triumphant,tri-umphant,2,3,other,/tɹaɪˈʌmfənt/,,/tɹaɪˈʌmfənt/,kaikki_no_count,
trivia,triv-ia,2,3,vowel_sequence_suffix,/ˈtɹɪviə/,,/ˈtɹɪvi.ə/,kaikki_no_count,
trivial,triv-ial,2,3,other,/ˈtɹɪviəl/,,/ˈtɹɪv.i.əl/; /ˈtɹɪv.jəl/,kaikki_no_count,
truism,tru-ism,2,3,suffix_ism,/ˈtɹuːɪzəm/,,/tɹuːizəm/,kaikki_no_count,
turquoise,turquoise,1,2,other,/ˈtɝkwɔɪz/,,/ˈtɜː(ɹ).k(w)ɔɪz/; /ˈtɜː(ɹ).k(w)ɔɪs/; /ˈtɜː(ɹ).kwɑːz/; /ˈtɝ.k(w)ɔɪz/; /ˈtɝ.k(w)ɔɪs/,kaikki_no_count,
tvs,tvs,1,2,other,/ˈtiːˈviːz/,,,kaikki_no_count,
unadorned,un-adorned,2,3,other,/ˌʌnəˈdɔɹnd/,,/ʌˌnəˈdɔːnd/; /əˌnʌˈdɔːɹnd/,kaikki_no_count,
unctuous,unc-tu-ous,3,2,vowel_sequence_suffix,/ˈʌŋtʃwəs/,,/ˈʌŋ(k)t͡ʃʊəs/; /-tjʊəs/; /ˈʌŋ(k)(t)ʃəwəs/; /ˈʌŋ(k)(t)ʃəs/,kaikki_no_count,
undiscovered,undis-cov-ered,3,4,other,/ˌʌndɪˈskʌvɚd/,,,kaikki_no_count,
undisturbed,undis-turbed,2,3,other,/ˌʌndɪˈstɝbd/,,,kaikki_no_count,
unenviable,un-en-vi-able,4,5,suffix_able_ible,/əˈnɛnˌviːəbəl/,,,kaikki_no_count,
uninteresting,un-in-ter-est-ing,5,4,other,/əˈnɪntɹəstɪŋ/,,,kaikki_no_count,
unreal,un-re-al,3,2,other,/ənˈɹiːl/,,/ʌnˈɹi.əl/,kaikki_no_count,
unrealistic,un-re-al-is-tic,5,4,other,/ənˌɹiːˈlɪstɪk/,,,kaikki_no_count,
unreliable,un-re-li-able,4,5,suffix_able_ible,/ˌʌnrɪˈlaɪəbl/,,/ˌʌn.ɹɪˈlaɪ.ə.bl̩/; /ʌn.ɹɪˈlaɪ.ə.bl̩/; /ˌʌn.ɹəˈlaɪ.ə.bəl/,kaikki_no_count,
urbanism,ur-ban-ism,3,4,suffix_ism,/ˈɝbənɪzəm/,,/ˈɜː(ɹ)bənɪzəm/,kaikki_no_count,
urls,urls,1,3,other,/ˈjuːˈɑˈɹɛlz/,,,kaikki_missing,
usual,usu-al,2,3,other,/ˈjuːʒuːəl/,,/ˈjuː.ʒʊəl/; /ˈju.ʒuəl/; /ˈju.ʒ(w)əl/,kaikki_no_count,
utopian,u-topi-an,3,4,vowel_sequence_suffix,/juˈtoʊpiən/,,/juːˈtəʊ.pi.ən/; /juˈtoʊ.pi.ən/,kaikki_no_count,
vacuum,vac-u-um,3,2,other,/ˈvækjum/,,/ˈvæ.kjuːm/; /ˈvæ.kjuː.əm/,kaikki_no_count,
valedictorian,vale-dic-to-ri-an,5,6,vowel_sequence_suffix,/ˌvæləˌdɪkˈtɔɹiən/,,/ˌvæl.əd.ɪkˈtɔɹ.ɪən/; /ˌvæl.ə.dɪkˈtoɹ.i.ən/; /ˌvæl.ə.dɪkˈtoɹ.i.ɪn/,kaikki_no_count,
variant,vari-ant,2,3,other,/ˈvɛɹiənt/,,/ˈvɛəɹi.ənt/; /ˈvæɹi.ənt/; /ˈvɛɹi.ənt/,kaikki_no_count,
variety,va-ri-ety,3,4,suffix_ity_ety,/vɚˈaɪəti/,,/vəˈɹaɪ.ɪ.ti/; /vəˈɹaɪ.ə.ti/; /-ɾi/,kaikki_no_count,
varying,vary-ing,2,3,other,/ˈvɛɹiɪŋ/,,/ˈvɛəɹiɪŋ/; /ˈvɛɹiɪŋ/,kaikki_no_count,
vegetable,veg-e-ta-ble,4,3,suffix_able_ible,/ˈvɛdʒtəbəl/,,/ˈvɛd͡ʒ.tə.bəl/; [ˈvɛd͡ʒ.tə.bɫ̩]; /ˈvɛd͡ʒ.ə.tə.bəl/; /ˈvɛt͡ʃ.tə.bəl/; /ˌvɛdʒɪˈʈebəl/; /ˈvɛdʒɪʈəbɪl/; /ˈved͡ʒ.tə.bəl/; [ˈved͡ʒ.tə.bɫ̩],kaikki_no_count,
venereal,vene-re-al,3,4,other,/vəˈnɪɹiəl/,,/vəˈnɪə.ɹɪ.əl/; /vɪ-/; /vəˈnɪ.ɹi.əl/,kaikki_no_count,
verifiable,ver-i-fi-able,4,5,suffix_able_ible,/ˈvɛɹəˌfaɪəbəl/,,/vɛɹ.ɪˈfaɪ.ə.bəl/; /ˈvɛɹ.ɪ.faɪ.ə.bəl/; /ˌvɛɹ.əˈfaɪ.ə.bəl/; [ˌvɛɹˈfaɪ.ə.bɫ̩]; /ˈvɛɹ.əˌfaɪ.ə.bəl/; [ˈvɛɹˌfaɪ.ə.bɫ̩],kaikki_no_count,
vertically,ver-ti-cal-ly,4,3,adverb_ically_ally,/ˈvɝtɪkli/,,/ˈvɜː.tɪ.kl̩i/; /ˈvɝ.tɪ.kəli/,kaikki_no_count,
veterinary,vet-eri-nary,3,4,other,/ˈvɛtɹəˌnɛɹi/,,/ˈvɛtɪnɹi/; /ˈvɛtɹɪnɹi/; /vɛtɪnɛɹi/; /ˈvɛtəɹɪnɛɹi/; /ˈvɛtɹɪnɛɹi/; /ˈvɛtɪnɛɹi/,kaikki_no_count,
viable,vi-able,2,3,suffix_able_ible,/ˈvaɪəbəl/,,/ˈvaɪəbəl/,kaikki_no_count,
viceroy,viceroy,1,2,other,/ˈvaɪsɹɔɪ/,,/ˈvaɪsˌɹɔɪ/,kaikki_no_count,
virtuoso,vir-tu-oso,3,4,other,/vɚtʃuˈoʊsoʊ/,,/ˌvɜ.tʃuˈəʊ.səʊ/; /ˌvɝ.t͡ʃuˈoʊ.soʊ/,kaikki_no_count,
visual,vis-ual,2,3,other,/ˈvɪʒəwəl/,,/ˈvɪʒuːəl/; /ˈvɪzjuːəl/; /ˈvɪʒəl/; /ˈvɪʒuəl/; /ˈvɪʒwəl/,kaikki_no_count,
visualize,vi-su-al-ize,4,3,other,/ˈvɪʒwəˌlaɪz/,,/ˈvɪʒʊəlaɪz/; /ˈvɪzjʊəlaɪz/; /ˈvɪʒəlaɪz/; /ˈvɪzjʊlaɪz/; /ˈvɪʒuəˌlaɪz/; /ˈvɪʒəwəˌlaɪz/; /ˈvɪʒəˌlaɪz/; /ˈvɪʒwəˌlaɪz/,kaikki_no_count,
vitriolic,vit-ri-olic,3,4,other,/ˌvɪtɹiˈɑlɪk/,,/vɪtɹɪˈɒlɪk/; /ˌvɪt.riˈɑ.lɪk/,kaikki_no_count,
volatile,vo-la-ti-le,4,3,other,/ˈvɑlətəl/,,/ˈvɒl.əˌtaɪl/; [ˈvɒl.əˌtʰaɪ̯l]; /ˈvɑ.lə.təl/; [ˈvɑl.ə.tʰl̩],kaikki_no_count,
wholesaler,whole-saler,2,3,other,/ˈhoʊlˌseɪlɚ/,,,kaikki_no_count,
ws,ws,1,3/4,other,/ˌdʌbəljˌuːˈɛs/,,,kaikki_no_count,
wyoming,wyo-ming,2,3,other,/ˌwaɪˈoʊmɪŋ/,,,kaikki_missing,
xbox,xbox,1,2,other,/ˈɛksˌbɑks/,,,kaikki_missing,
xenophobia,xe-nop-ho-bia,4,5,vowel_sequence_suffix,/ˌzɛnəˈfoʊbiə/,,/ˌzɛn.əˈfəʊ.bɪ.ə/; /ˌziː.nəˈfoʊ.bi.ə/; /ˌzɛn.əˈfoʊ.bi.ə/,kaikki_no_count,
yacht,y-acht,2,1,other,/ˈjɑt/,,/jɒt/; /jɑt/,kaikki_no_count,
yolk,y-olk,2,1,other,/ˈjoʊk/,,/jəʊk/; /joʊk/; /jɔlk/,kaikki_no_count,
yore,y-ore,2,1,other,/ˈjɔɹ/,,/jɔː/; /joɹ/; /jo(ː)ɹ/; /joə/,kaikki_no_count,
york,y-ork,2,1,other,/ˈjɔɹk/,,/jɔː(ɹ)k/,kaikki_no_count,
yorkshire,y-ork-shire,3,2,other,/ˈjɔɹkʃɚ/,,,kaikki_missing,
young,y-oung,2,1,other,/ˈjʌŋ/,,/jʌŋ/; /jʊŋɡ/; /jʊŋ/; /jəŋɡ/; [jɐŋɡ],kaikki_no_count,
youngster,y-oung-ster,3,2,other,/ˈjʌŋstɚ/,,/ˈjʌŋstə/; /ˈjʌŋstɚ/,kaikki_no_count,
your,y-our,2,1,other,/ˈjɔː/,,/jɔː(ɹ)/; /jʊə(ɹ)/; /jə(ɹ)/; /jɔɹ/; /jʊɹ/; /jɝ/; /jɚ/; /jʊəɹ/; /jɜ(ː)ɹ/; /jɪʊɹ/; /jɪəɹ/; /jəɹ/; /jɪɹ/; /jo(ː)ɹ/; /joə/; /joʊ/,kaikki_no_count,
yours,y-ours,2,1,other,/ˈjɔːz/,,/jɔː(ɹ)z/; /jʊəz/; /jəz/; /jɔɹz/; /jʊɚz/; /jɝz/; /jɚz/,kaikki_no_count,
yourself,y-our-self,3,2,other,/jɔːsˈɛlf/,,/jəˈsɛlf/; /jɔːˈsɛlf/; /jʊəˈsɛlf/; /jɚˈsɛlf/; /jɔɹˈsɛlf/; /jʊɹˈsɛlf/,kaikki_no_count,
yourselves,y-our-selves,3,2,other,/jʊɹsˈɛlvz/,,/jəˈsɛlvz/; /jɔːˈsɛlvz/; /jʊəˈsɛlvz/; /jɚˈsɛlvz/; /jɔɹˈsɛlvz/; /jʊɹˈsɛlvz/,kaikki_no_count,
youth,y-outh,2,1,other,/ˈjuːθ/,,/juːθ/; /juθ/; /jʉwθ/; /jʉːθ/; /jʉθ/; /jut̪ʰ/; /jʊt̪ʰ/; /jɐt̪ʰ/,kaikki_no_count,
youthful,y-outh-ful,3,2,other,/ˈjuːθfəl/,,/ˈjuθfəl/,kaikki_no_count,
zoological,zo-o-log-i-cal,5,4,other,/ˌzuːˈlɑdʒɪkəl/,,/zəʊəˈlɒd͡ʒɪkl̩/; /zuːəˈlɒd͡ʒɪkl̩/; /zoʊəˈlɑd͡ʒɪkl̩/; /zuəˈlɑd͡ʒɪkl̩/,kaikki_no_count,
